,xh1,xh2,xh3,xh4,xh5,xh6,xh7,xh8,xh9,xh10,xh11,xh12,xh13,xh14,xh15,xh16
0,0,31,21,6,0,0,-,27,0,0,1.4142,162.0,两球,BetClic.csv,1,
1,0,31,89,50,24,20,-,139,24,20,0.9046,3044.7,一球,Fonbet.csv,1,
2,1,32,9,6,0,2,-,15,0,2,1.1735,44.2,一球,竞彩官方.csv,1,
3,2,11,7,10,4,2,-,17,4,2,0.8674,44.2,一球,伟德.csv,1,
4,3,12,18,14,5,6,-,32,5,6,0.872,156.2,一球,888Sport.csv,1,
6,5,102,24,34,18,9,-,58,18,9,0.7517,453.6,一球,易胜博.csv,1,
13,4,102,16,3,6,2,-,19,6,2,0.8064,52.7,两球,必发.csv,2,
14,4,102,15,8,6,2,-,23,6,2,0.8811,82.9,两球,BetClic.fr.csv,2,
15,0,31,27,7,0,3,-,34,0,3,1.2462,236.2,两球,CashPoint.csv,1,
16,3,102,34,13,7,6,-,47,7,6,0.9548,364.7,两球,伟德.csv,2,
17,0,31,25,7,0,2,-,32,0,2,1.2914,214.2,两球,X-TiP.csv,1,
28,3,12,43,44,32,35,-,87,32,35,0.4919,637.6,半球,Bet365.csv,3,
29,1,32,66,51,46,45,-,117,46,45,0.4862,1136.2,半球,Bet365.csv,3,
36,3,12,25,31,15,10,-,56,15,10,0.7632,424.7,半球/一球,10BET.csv,1,
37,4,101,14,17,11,5,-,31,11,5,0.7095,123.6,半球/一球,香港马会.csv,1,
38,5,102,83,84,69,51,-,167,69,51,0.5328,2598.2,半球/一球,Goalbet.csv,1,
44,4,102,0,4,5,42,-,4,5,42,1.0401,312.7,受一球,SuperSport.csv,1,
45,0,31,2,3,4,31,-,5,4,31,0.9374,156.2,受一球/球半,竞彩官方.csv,1,
46,1,32,0,0,0,9,-,0,0,9,1.4142,18.0,受一球/球半,Agile.it.csv,1,
56,0,31,7,6,21,49,-,13,21,49,0.5579,238.2,受半球/一球,Netbet.fr.csv,1,
58,2,11,1,1,3,19,-,2,3,19,0.9736,60.7,受半球/一球,Interwetten.csv,1,
59,3,12,1,2,3,20,-,3,3,20,0.9247,64.2,受半球/一球,Domusbet.it.csv,1,
61,5,102,4,9,17,69,-,13,17,69,0.773,650.7,受半球/一球,Zebet.fr.csv,1,
62,0,31,35,49,65,111,-,84,65,111,0.2178,356.2,受平手/半球,必发.csv,1,
64,2,11,3,5,14,32,-,8,14,32,0.5666,104.0,受平手/半球,Gwbet.csv,1,
65,3,12,1,10,16,43,-,11,16,43,0.6024,197.6,受平手/半球,IFortuna.sk.csv,1,
66,4,101,1,4,5,16,-,5,5,16,0.5983,26.9,受平手/半球,澳门.csv,1,
69,1,32,0,0,0,10,-,0,0,10,1.4142,22.2,受球半,Bwin.es.csv,1,
71,3,101,0,0,0,10,-,0,0,10,1.4142,22.2,受球半,SNAI.csv,1,
72,3,102,0,0,2,19,-,0,2,19,1.2178,72.7,受球半,VBet.csv,1,
78,2,11,32,38,68,68,-,70,68,68,0.0137,0.9,平手,Sweden.csv,2,
79,2,12,5,12,19,28,-,17,19,28,0.2243,22.9,平手,Iceland.csv,1,
81,5,102,54,76,122,161,-,130,122,161,0.1222,282.9,平手,Oddset.csv,1,
82,3,12,32,36,61,70,-,68,61,70,0.0582,14.9,平手/半球,Expekt.csv,2,
83,1,32,37,50,59,63,-,87,59,63,0.1775,152.9,平手/半球,Iceland.csv,2,
84,4,101,47,53,81,75,-,100,81,75,0.1249,113.6,平手/半球,IFortuna.sk.csv,2,
89,1,32,12,8,2,0,-,20,2,0,1.2264,80.9,球半,竞彩官方.csv,1,
90,2,11,12,9,1,0,-,21,1,0,1.319,93.6,球半,Tipsport.sk.csv,1,
91,3,12,4,4,5,8,-,8,5,8,0.202,2.0,球半,Norway.csv,2,
92,4,101,13,4,1,0,-,17,1,0,1.2981,60.7,球半,Sweden.csv,1,
93,5,102,21,16,6,3,-,37,6,3,1.0024,236.2,球半,SynotTIP.csv,1,
94,0,31,23,8,2,1,-,31,2,1,1.2276,193.6,球半/两球,Matchbook.csv,1,
98,4,101,3,3,5,2,-,6,5,2,0.3922,2.9,球半/两球,MyBet.csv,2,
99,5,102,18,6,3,1,-,24,3,1,1.1146,108.2,球半/两球,Gwbet.csv,1,
101,1,32,5,6,1,1,-,11,1,1,1.0879,22.2,一球,Betshop.csv,1,
104,4,101,6,6,2,1,-,12,2,1,0.9933,24.7,一球,Betshop.csv,1,
121,1,32,20,2,4,1,-,22,4,1,1.0304,86.0,两球半,利记.csv,1,
125,4,101,66,76,60,69,-,142,60,69,0.4065,1348.2,半球,Bet365.csv,3,
130,5,102,188,213,237,268,-,401,237,268,0.2356,5060.7,半球,Bet365.csv,3,
131,0,31,166,135,106,71,-,301,106,71,0.6351,10238.9,半球/一球,888Sport.csv,1,
136,5,102,118,116,124,63,-,234,124,63,0.5042,5006.9,半球/一球,TheGreek.com.csv,1,
137,0,31,2,5,7,9,-,7,7,9,0.123,0.9,受一球,金宝博.csv,2,
138,1,32,0,0,2,12,-,0,2,12,1.1249,27.6,受一球,1Bet.csv,1,
139,2,11,0,0,1,15,-,0,1,15,1.2839,46.9,受一球,Sweden.csv,1,
140,3,12,2,3,5,9,-,5,5,9,0.2977,3.6,受一球,SNAI.csv,2,
154,1,32,0,1,3,16,-,1,3,16,0.9975,44.2,受半球/一球,Matchbook.csv,1,
179,4,101,21,28,45,50,-,49,45,50,0.045,4.7,平手/半球,Norway.csv,2,
181,1,32,27,27,36,54,-,54,36,54,0.1768,72.0,平手/半球,Norway.csv,2,
183,0,31,23,14,3,3,-,37,3,3,1.1182,256.9,球半,伟德.csv,1,
185,2,11,9,6,0,2,-,15,0,2,1.1735,44.2,球半,竞彩官方.csv,1,
195,0,31,97,61,30,26,-,158,30,26,0.8594,3758.2,一球,Sweden.csv,1,
200,5,102,31,49,24,19,-,80,24,19,0.6745,764.7,一球,Norway.csv,1,
216,0,31,40,3,6,2,-,43,6,2,1.0857,340.7,两球半,Oddset.csv,1,
217,1,32,13,4,1,0,-,17,1,0,1.2981,60.7,两球半,Iceland.csv,1,
222,0,31,208,175,192,138,-,383,192,138,0.4422,11046.9,半球,Bet365.csv,3,
226,2,11,29,34,47,31,-,63,47,31,0.278,170.7,半球,10BET.csv,2,
227,5,102,138,161,201,224,-,299,201,224,0.1734,1750.9,半球,18Bet.csv,2,
228,0,31,187,140,114,79,-,327,114,79,0.6323,12010.9,半球/一球,BetClic.fr.csv,1,
230,2,11,9,12,14,9,-,21,14,9,0.3356,24.2,半球/一球,Coral.csv,2,
236,2,11,0,0,1,11,-,0,1,11,1.2416,24.7,受一球,SNAI.csv,1,
241,1,32,1,0,0,10,-,1,0,10,1.2264,20.2,受一球/球半,Matchbook.csv,1,
261,4,101,4,6,5,19,-,10,5,19,0.5111,33.6,受平手/半球,Oddset.csv,1,
264,1,11,0,0,0,8,-,0,0,8,1.4142,14.2,受球半,Sweden.csv,1,
265,1,101,0,1,0,13,-,1,0,13,1.2657,34.9,受球半,Norway.csv,1,
280,0,31,174,213,265,203,-,387,265,203,0.2682,5842.7,平手/半球,Oddset.csv,2,
288,1,32,17,4,7,4,-,21,7,4,0.6946,54.9,球半/两球,Fonbet.csv,2,
290,3,12,16,10,2,4,-,26,2,4,1.0193,118.2,球半/两球,Bet365.csv,1,
298,5,102,68,62,37,39,-,130,37,39,0.6317,1881.6,一球,香港马会.csv,1,
315,0,31,35,4,6,2,-,39,6,2,1.0583,274.9,两球半,Iceland.csv,1,
321,2,11,33,29,39,33,-,62,39,33,0.2798,156.2,半球,888Sport.csv,2,
334,4,101,4,3,10,17,-,7,10,17,0.3697,17.6,受一球,立博.csv,2,
338,1,12,0,0,0,11,-,0,0,11,1.4142,26.9,受一球/球半,Gamebookers.csv,1,
348,1,32,0,1,3,15,-,1,3,15,0.9762,38.2,受半球/一球,威廉希尔.csv,1,
366,1,32,14,13,10,15,-,27,10,15,0.4116,50.9,平手,Eurobet.it.csv,2,
371,5,102,121,130,251,247,-,251,251,247,0.0076,3.6,平手/半球,PMU.csv,2,
381,2,101,6,6,1,0,-,12,1,0,1.2546,29.6,球半,Iceland.csv,1,
387,4,101,8,2,3,4,-,10,3,4,0.5455,9.6,球半/两球,Bwin.es.csv,2,
388,4,102,10,11,4,1,-,21,4,1,1.0161,77.6,球半/两球,澳门.csv,1,
389,0,31,134,97,49,37,-,231,49,37,0.84,7878.2,一球,Toto.csv,1,
436,0,31,0,1,2,5,-,1,2,5,0.6374,2.9,受两球,伟德.csv,2,
450,0,31,30,55,65,108,-,85,65,108,0.2043,308.7,受平手/半球,香港马会.csv,1,
451,1,32,6,7,15,14,-,13,15,14,0.0583,0.7,受平手/半球,奥地利博彩.csv,2,
456,0,31,1,1,0,6,-,2,0,6,0.9354,6.2,受球半,金宝博.csv,1,
464,0,31,75,88,118,121,-,163,118,121,0.1533,422.0,平手,Oddset.csv,1,
465,1,32,6,5,12,25,-,11,12,25,0.3986,40.7,平手,Betfred(博发).csv,2,
474,5,102,144,159,278,297,-,303,278,297,0.0364,113.6,平手/半球,Sweden.csv,2,
475,1,32,16,32,42,40,-,48,42,40,0.0784,11.6,平手/半球,奥地利博彩.csv,2,
480,4,101,9,3,1,0,-,12,1,0,1.2546,29.6,球半,Norway.csv,1,
481,5,102,22,8,8,2,-,30,8,2,0.9028,144.9,球半,利记.csv,1,
484,2,11,10,6,5,4,-,16,5,4,0.6524,29.6,球半/两球,Iddaa.csv,2,
491,3,12,7,7,3,3,-,14,3,3,0.7778,26.9,一球,Iceland.csv,1,
509,3,12,42,30,41,48,-,72,41,48,0.2474,176.2,半球,888Sport.csv,2,
515,1,32,27,15,22,16,-,42,22,16,0.4168,123.6,半球/一球,奥地利博彩.csv,2,
518,4,101,24,30,27,9,-,54,27,9,0.6164,342.0,半球/一球,1Bet.csv,1,
522,4,101,3,2,6,12,-,5,6,12,0.4032,9.6,受一球,威廉希尔.csv,2,
528,0,102,0,2,1,7,-,2,1,7,0.7874,6.9,受两球,Iceland.csv,2,
538,2,11,1,0,2,8,-,1,2,8,0.8431,9.6,受半球/一球,Iceland.csv,1,
547,5,102,44,61,101,226,-,105,101,226,0.4028,3364.7,受平手/半球,威廉希尔.csv,1,
550,3,102,0,0,3,15,-,0,3,15,1.0801,42.0,受球半,Betshop.csv,1,
557,4,102,56,74,121,156,-,130,121,156,0.1094,220.2,平手,澳门.csv,1,
563,3,12,87,98,176,178,-,185,176,178,0.0215,14.9,平手/半球,澳门.csv,2,
565,1,32,34,21,6,5,-,55,6,5,1.0608,544.7,球半,立博.csv,1,
566,2,11,7,7,1,3,-,14,1,3,0.9526,32.7,球半,Oddset.csv,1,
603,4,101,32,36,50,45,-,68,50,45,0.1818,97.6,半球,BetClick.csv,2,
605,1,32,24,25,37,15,-,49,37,15,0.4182,198.2,半球/一球,威廉希尔.csv,2,
606,2,11,16,11,21,10,-,27,21,10,0.3641,49.6,半球/一球,伟德.csv,2,
615,5,102,3,6,10,63,-,9,10,63,0.9228,636.2,受一球,立博.csv,1,
634,1,32,10,10,17,18,-,20,17,18,0.068,1.6,受平手/半球,10BET.csv,2,
640,1,32,0,0,0,8,-,0,0,8,1.4142,14.2,受球半,SNAI.csv,1,
642,5,102,0,0,4,19,-,0,4,19,1.0668,66.9,受球半,Bet365.csv,3,
664,5,102,11,6,5,1,-,17,5,1,0.8868,46.2,球半,易胜博.csv,1,
671,0,31,72,47,22,23,-,119,22,23,0.8322,2069.6,一球,Bet365.csv,1,
673,2,11,2,8,3,2,-,10,3,2,0.7118,12.7,一球,Iceland.csv,1,
688,0,31,17,3,1,0,-,20,1,0,1.3145,84.7,两球/两球半,Bet365.csv,3,
698,0,31,209,173,191,152,-,382,191,152,0.4159,10100.2,半球,Fonbet.csv,2,
699,5,102,80,116,133,148,-,196,133,148,0.169,722.0,半球,Iceland.csv,2,
713,3,12,2,2,3,8,-,4,3,8,0.432,4.7,受一球,Sweden.csv,2,
736,2,11,2,10,15,34,-,12,15,34,0.4791,94.9,受平手/半球,奥地利博彩.csv,1,
772,2,11,22,12,9,9,-,34,9,9,0.6799,138.9,一球,必发.csv,1,
789,3,102,20,4,1,1,-,24,1,1,1.251,117.6,两球/两球半,Sweden.csv,1,
803,3,12,15,22,20,6,-,37,20,6,0.6036,160.7,半球/一球,伟德.csv,1,
804,4,101,35,46,38,16,-,81,38,16,0.5999,728.7,半球/一球,伟德.csv,1,
812,0,31,3,6,6,31,-,9,6,31,0.7269,124.2,受一球/球半,Sweden.csv,1,
831,3,12,2,6,15,28,-,8,15,28,0.4874,68.7,受平手/半球,立博.csv,1,
834,0,31,0,2,5,22,-,2,5,22,0.911,77.6,受球半,Expekt.csv,1,
852,1,32,16,12,2,4,-,28,2,4,1.0424,139.6,球半,IFortuna.sk.csv,1,
867,4,101,25,18,8,9,-,43,8,9,0.8134,264.7,一球,PMU.csv,1,
882,1,102,13,4,2,1,-,17,2,1,1.0977,53.6,两球半,Sweden.csv,2,
884,0,31,320,289,304,237,-,609,304,237,0.4223,26210.9,半球,Iceland.csv,2,
894,4,101,39,36,30,18,-,75,30,18,0.5984,602.0,半球/一球,立博.csv,1,
901,0,31,2,8,9,39,-,10,9,39,0.7196,193.6,受一球/球半,伟德.csv,1,
928,0,31,92,109,145,162,-,201,145,162,0.1384,549.6,平手,Norway.csv,1,
930,3,12,42,62,74,114,-,104,74,114,0.1746,288.9,平手,Sweden.csv,1,
957,0,31,54,38,25,9,-,92,25,9,0.856,1292.7,一球/球半,Bet365.csv,3,
958,1,32,40,12,9,11,-,52,9,11,0.8257,392.7,一球/球半,Bet365.csv,3,
959,2,11,16,12,7,3,-,28,7,3,0.8656,120.2,一球/球半,Bet365.csv,3,
960,3,12,22,10,15,4,-,32,15,4,0.6775,132.7,一球/球半,Bet365.csv,3,
961,4,101,43,16,8,8,-,59,8,8,0.9617,578.0,一球/球半,Bet365.csv,3,
962,5,102,60,41,44,24,-,101,44,24,0.5791,1064.2,一球/球半,Bet365.csv,3,
970,1,11,13,2,0,0,-,15,0,0,1.4142,50.0,两球/两球半,IFortuna.sk.csv,1,
979,0,31,8,3,0,0,-,11,0,0,1.4142,26.9,两球半/三球,Bet365.csv,3,
985,1,32,54,44,61,44,-,98,61,44,0.3332,508.2,半球,IFortuna.sk.csv,2,
987,1,32,40,26,37,23,-,66,37,23,0.4264,320.7,半球/一球,18Bet.csv,2,
991,5,102,75,82,84,54,-,157,84,54,0.4399,1870.9,半球/一球,竞彩官方.csv,1,
995,3,12,1,2,1,4,-,3,1,4,0.4677,1.6,受一球,Bet365.csv,2,
1000,2,11,0,1,1,7,-,1,1,7,0.9428,8.0,受一球/球半,Bet365.csv,3,
1001,3,101,0,1,1,8,-,1,1,8,0.9899,10.9,受一球/球半,Bet365.csv,3,
1002,4,102,0,3,1,21,-,3,1,21,1.0793,80.9,受一球/球半,Bet365.csv,3,
1013,4,101,6,4,7,38,-,10,7,38,0.7615,194.9,受半球/一球,Bet365.csv,3,
1014,5,102,8,11,18,71,-,19,18,71,0.6876,612.7,受半球/一球,PMU.csv,1,
1020,5,102,43,52,95,202,-,95,95,202,0.386,2544.2,受平手/半球,SNAI.csv,1,
1024,2,12,0,0,2,11,-,0,2,11,1.1041,22.9,受球半,Nike.csv,1,
1027,0,31,0,0,6,14,-,0,6,14,0.8602,32.9,受球半/两球,Bet365.csv,3,
1028,1,11,0,1,3,4,-,1,3,4,0.4677,1.6,受球半/两球,Bet365.csv,3,
1029,2,102,0,1,0,14,-,1,0,14,1.2754,40.7,受球半/两球,Bet365.csv,3,
1045,3,12,6,3,5,3,-,9,5,3,0.4402,6.2,球半,易胜博.csv,2,
1058,4,101,13,11,4,6,-,24,4,6,0.7936,80.9,一球,Iceland.csv,1,
1088,2,11,32,20,26,22,-,52,26,22,0.399,176.9,半球/一球,Fonbet.csv,2,
1120,5,102,48,77,116,255,-,125,116,255,0.3841,4033.6,受平手/半球,利记.csv,1,
1141,1,32,19,17,5,3,-,36,5,3,1.03,228.2,球半,威廉希尔.csv,1,
1156,4,101,24,24,6,15,-,48,6,15,0.785,326.0,一球,SNAI.csv,1,
1177,0,31,234,182,207,162,-,416,207,162,0.4229,12246.9,半球,Oddset.csv,2,
1187,0,31,1,5,7,11,-,6,7,11,0.27,4.7,受一球,Iceland.csv,2,
1234,2,11,13,11,7,1,-,24,7,1,0.9132,94.9,球半,Unitab.csv,1,
1235,3,12,7,7,9,4,-,14,9,4,0.4536,16.7,球半,利记.csv,2,
1263,4,102,13,5,1,1,-,18,1,1,1.2021,64.2,两球/两球半,PMU.csv,1,
1269,4,101,14,12,26,28,-,26,26,28,0.0354,0.9,半球,Olimpkz.csv,2,
1281,0,31,3,7,11,18,-,10,11,18,0.2738,12.7,受一球,利记.csv,2,
1286,5,102,5,5,12,65,-,10,12,65,0.8782,648.7,受一球,威廉希尔.csv,1,
1301,3,12,1,6,5,24,-,7,5,24,0.7104,72.7,受半球/一球,Norway.csv,1,
1303,3,102,15,18,30,117,-,33,30,117,0.6721,1626.0,受半球/一球,皇冠.csv,1,
1306,2,11,6,12,25,51,-,18,25,51,0.4531,201.6,受平手/半球,Fonbet.csv,1,
1337,1,32,21,7,10,3,-,28,10,3,0.7705,110.9,球半/两球,威廉希尔.csv,2,
1371,4,101,15,18,27,31,-,33,27,31,0.0822,6.2,半球,Toto.csv,2,
1397,3,12,1,4,6,22,-,5,6,22,0.7081,60.7,受半球/一球,易胜博.csv,1,
1404,4,101,7,9,18,38,-,16,18,38,0.4139,98.7,受平手/半球,奥地利博彩.csv,1,
1414,0,31,97,106,157,151,-,203,157,151,0.1364,539.6,平手,易胜博.csv,1,
1437,1,32,45,19,5,13,-,64,5,13,0.9561,682.9,一球,Expekt.csv,1,
1505,1,11,0,1,1,14,-,1,1,14,1.149,37.6,受球半,Betshop.csv,1,
1506,2,101,0,0,2,15,-,0,2,15,1.1735,44.2,受球半,伟德.csv,1,
1515,3,12,21,37,40,43,-,58,40,43,0.1675,62.0,平手,PMU.csv,1,
1567,0,31,132,97,89,56,-,229,89,56,0.6016,5624.2,半球/一球,Bet365.csv,3,
1653,4,102,14,1,1,1,-,15,1,1,1.1646,43.6,两球/两球半,Bet365.csv,3,
1693,1,32,13,18,33,40,-,31,33,40,0.1113,14.9,受平手/半球,利记.csv,2,
1700,4,102,0,0,8,30,-,0,8,30,1.0014,160.9,受球半,易胜博.csv,1,
1748,3,12,8,2,1,0,-,10,1,0,1.2264,20.2,两球半,Bet365.csv,1,
1779,0,31,9,16,34,70,-,25,34,70,0.4521,378.0,受半球/一球,Expekt.csv,1,
1781,2,11,6,4,1,19,-,10,1,19,0.7348,54.0,受半球/一球,必发.csv,1,
1811,1,32,17,15,4,4,-,32,4,4,0.9899,174.2,球半,Bet365.csv,3,
1934,2,101,10,1,0,0,-,11,0,0,1.4142,26.9,两球/两球半,香港马会.csv,1,
1978,1,32,4,14,18,23,-,18,18,23,0.1198,5.6,受平手/半球,必发.csv,2,
1981,4,101,15,13,24,56,-,28,24,56,0.3954,202.7,受平手/半球,Bet365.csv,3,
2011,2,11,13,7,4,0,-,20,4,0,1.0801,74.7,球半/两球,Bet365.csv,3,
2017,2,11,9,9,12,2,-,18,12,2,0.6187,43.6,一球,Bet365.csv,3,
2129,1,101,29,5,1,2,-,34,1,2,1.2427,234.9,两球/两球半,Coral.csv,1,
2268,1,32,0,0,3,15,-,0,3,15,1.0801,42.0,受球半,伟德.csv,1,
2282,1,32,6,12,20,13,-,18,20,13,0.1732,8.7,平手/半球,澳门.csv,2,
2294,4,101,11,4,6,2,-,15,6,2,0.7091,29.6,球半/两球,Bet365.csv,2,
2333,1,32,0,0,5,15,-,0,5,15,0.9354,38.9,受一球,Bwin.csv,1,
2364,2,12,0,0,2,9,-,0,2,9,1.0523,14.9,受球半,竞彩官方.csv,1,
2380,0,31,43,22,10,7,-,65,10,7,0.9755,710.9,球半,Sweden.csv,1,
2383,3,12,15,1,10,3,-,16,10,3,0.5496,28.2,球半,Bet365.csv,3,
2396,4,101,49,33,21,18,-,82,21,18,0.7311,869.6,一球,Bet365.csv,3,
2606,4,101,50,51,46,27,-,101,46,27,0.541,984.7,半球/一球,Bet365.csv,3,
2684,1,11,9,5,0,0,-,14,0,0,1.4142,43.6,两球半,易胜博.csv,1,
2817,1,32,0,0,4,15,-,0,4,15,1.0014,40.2,受球半,Bet365.csv,3,
2860,2,12,9,4,1,2,-,13,1,2,1.0193,29.6,两球/两球半,Bet365.csv,3,
3259,1,32,2,1,1,13,-,3,1,13,0.9264,27.6,受一球/球半,Bet365.csv,3,
3325,0,31,19,6,1,0,-,25,1,0,1.3335,133.6,两球,Bet365.csv,3,
3347,5,102,126,124,130,97,-,250,130,97,0.4135,4322.0,半球/一球,Bet365.csv,3,
3391,2,11,69,83,133,124,-,152,133,124,0.0856,136.2,平手/半球,必发.csv,2,
3393,1,32,47,58,65,56,-,105,65,56,0.2827,453.6,平手/半球,Bet365.csv,3,
3472,2,12,1,0,3,12,-,1,3,12,0.897,22.9,受球半,易胜博.csv,1,
3582,4,101,39,39,71,93,-,78,71,93,0.1138,84.2,平手/半球,利记.csv,2,
3603,3,12,16,16,13,6,-,32,13,6,0.6462,120.7,一球,Bet365.csv,3,
3770,4,101,63,63,76,72,-,126,76,72,0.269,603.6,平手/半球,Bet365.csv,3,
3774,3,12,16,33,57,52,-,49,57,52,0.0627,10.9,平手/半球,利记.csv,2,
3804,5,102,18,9,5,5,-,27,5,5,0.8409,107.6,两球,Bet365.csv,3,
3812,0,101,22,3,2,0,-,25,2,0,1.2603,128.7,两球半,Coral.csv,1,
3818,3,12,82,88,95,97,-,170,95,97,0.2892,1217.6,半球,金宝博.csv,2,
3863,1,32,20,32,30,47,-,52,30,47,0.219,88.7,平手,Bet365.csv,3,
3915,1,32,67,40,52,31,-,107,52,31,0.506,1026.9,半球/一球,Bet365.csv,3,
3941,5,102,5,8,18,51,-,13,18,51,0.6168,284.2,受半球/一球,Bet365.csv,3,
4060,0,31,32,14,11,3,-,46,11,3,0.9336,348.7,球半,Bet365.csv,3,
4107,2,11,21,16,21,11,-,37,21,11,0.4656,114.7,半球/一球,Bet365.csv,3,
4235,5,102,36,51,76,162,-,87,76,162,0.3527,1460.2,受平手/半球,Bet365.csv,3,
4250,0,31,95,151,148,134,-,246,148,134,0.2831,2482.7,平手/半球,香港马会.csv,2,
4411,0,31,3,7,9,30,-,10,9,30,0.5922,93.6,受一球/球半,Bet365.csv,3,
4455,4,101,16,17,6,3,-,33,6,3,0.9636,182.0,球半,Bet365.csv,3,
4557,2,11,7,4,2,4,-,11,2,4,0.6809,14.9,球半/两球,Championsbet.csv,2,
4740,2,11,75,103,161,144,-,178,161,144,0.0862,192.7,平手/半球,易胜博.csv,2,
4774,1,101,28,4,3,1,-,32,3,1,1.1805,200.7,两球/两球半,立博.csv,1,
4837,0,31,271,318,377,310,-,589,377,310,0.2796,14141.6,平手/半球,易胜博.csv,2,
4941,0,31,33,17,7,5,-,50,7,5,1.0044,430.9,球半/两球,Bet365.csv,3,
4979,5,102,64,94,107,120,-,158,107,120,0.1686,468.2,半球,利记.csv,2,
4980,2,11,45,40,48,46,-,85,48,46,0.3005,321.6,半球,威廉希尔.csv,2,
5066,1,11,12,5,3,0,-,17,3,0,1.1113,54.9,两球半,澳门.csv,1,
5094,0,31,12,17,32,65,-,29,32,65,0.3883,266.0,受半球/一球,Bet365.csv,3,
5162,3,12,90,91,103,108,-,181,103,108,0.2728,1270.9,半球,香港马会.csv,2,
5247,0,101,18,3,2,0,-,21,2,0,1.2344,89.6,两球半,立博.csv,1,
5396,4,101,14,23,13,12,-,37,13,12,0.5592,133.6,平手/半球,竞彩官方.csv,1,
5428,0,31,18,2,0,1,-,20,0,1,1.3145,84.7,两球半,Bet365.csv,1,
5620,3,12,40,45,46,57,-,85,46,57,0.262,269.6,半球,易胜博.csv,2,
5767,4,101,2,1,11,5,-,3,11,5,0.5367,11.6,平手/半球,皇冠.csv,1,
5901,4,102,10,2,1,0,-,12,1,0,1.2546,29.6,两球半,Bet365.csv,3,
6180,2,11,10,5,1,1,-,15,1,1,1.1646,43.6,两球,Bet365.csv,3,
6246,1,32,34,32,23,26,-,66,23,26,0.5113,384.2,平手/半球,BetfairESSportsbook.csv,1,
6339,1,32,20,40,25,28,-,60,25,28,0.4205,250.9,平手/半球,PMU.csv,1,
6440,4,101,19,23,28,14,-,42,28,14,0.4082,130.7,平手/半球,Betshop.csv,1,
6515,3,12,3,14,25,35,-,17,25,35,0.2869,54.2,受平手/半球,Bet365.csv,3,
6542,5,102,33,26,17,14,-,59,17,14,0.6848,422.0,球半,Bet365.csv,3,
6574,0,12,20,4,4,0,-,24,4,0,1.1249,110.2,两球半,Tipsport.sk.csv,1,
6629,5,102,86,130,190,230,-,216,190,230,0.0782,274.7,平手,Bet365.csv,3,
6668,2,11,9,1,3,0,-,10,3,0,0.9669,17.6,两球半,Bet365.csv,3,
6712,2,11,0,1,2,5,-,1,2,5,0.6374,2.9,受球半,Bet365.csv,3,
7080,4,101,0,1,1,8,-,1,1,8,0.9899,10.9,受球半,Bet365.csv,3,
7152,0,102,0,2,0,8,-,2,0,8,1.0198,11.6,受两球,Oddset.csv,1,
7213,1,32,10,2,0,0,-,12,0,0,1.4142,32.0,两球,Bet365.csv,3,
7241,5,102,3,2,11,34,-,5,11,34,0.7499,156.2,受一球,Bet365.csv,3,
7255,2,11,0,4,14,21,-,4,14,21,0.5366,48.7,受半球/一球,Bet365.csv,3,
7439,3,12,2,5,3,12,-,7,3,12,0.5021,13.6,受半球/一球,Bet365.csv,3,
7492,3,12,10,3,1,3,-,13,1,3,0.9264,27.6,两球,Bet365.csv,3,
7612,0,31,0,0,2,7,-,0,2,7,0.9813,8.7,受两球,Fonbet.csv,1,
8190,3,12,18,31,24,19,-,49,24,19,0.4279,172.2,半球/一球,Bet365.csv,3,
8318,4,101,17,29,48,68,-,46,48,68,0.1839,98.7,平手,Bet365.csv,3,
8404,2,12,1,2,5,11,-,3,5,11,0.5367,11.6,受球半,金宝博.csv,2,
8417,4,101,15,26,30,14,-,41,30,14,0.3913,122.9,平手/半球,香港马会.csv,1,
8554,1,32,37,40,45,45,-,77,45,45,0.271,227.6,半球,易胜博.csv,2,
8694,1,12,0,1,4,5,-,1,4,5,0.5099,2.9,受球半,Oddset.csv,2,
8807,1,32,43,47,42,42,-,90,42,42,0.3901,512.0,平手/半球,必发.csv,1,
8839,3,101,6,2,1,1,-,8,1,1,0.9899,10.9,两球/两球半,Bet365.csv,3,
8904,2,11,37,36,62,56,-,73,62,56,0.1106,49.6,平手/半球,Bet365.csv,3,
9156,1,32,5,9,9,20,-,14,9,20,0.3137,20.2,受半球/一球,Bet365.csv,3,
9199,1,32,51,34,24,17,-,85,24,17,0.7271,932.7,一球,Bet365.csv,3,
9258,3,12,0,2,2,5,-,2,2,5,0.4714,2.0,受球半,Bet365.csv,3,
9273,0,31,217,248,272,197,-,465,272,197,0.3626,12744.2,平手/半球,奥地利博彩.csv,1,
9274,0,31,229,289,291,228,-,518,291,228,0.3603,15510.9,平手/半球,必发.csv,1,
9309,1,32,21,18,12,13,-,39,12,13,0.5859,156.2,半球,Oddset.csv,1,
9321,1,32,1,4,6,16,-,5,6,16,0.5518,24.7,受一球,Bet365.csv,3,
9400,4,101,24,18,13,16,-,42,13,16,0.5502,169.6,半球,竞彩官方.csv,1,
9459,2,11,9,4,3,5,-,13,3,5,0.6172,18.7,球半,Bet365.csv,3,
9550,0,31,182,231,241,179,-,413,241,179,0.3565,9798.2,平手/半球,Bet365.csv,1,
9626,0,31,4,3,6,21,-,7,6,21,0.6042,46.9,受球半,Bet365.csv,3,
9671,3,12,9,2,0,1,-,11,0,1,1.2416,24.7,两球/两球半,SNAI.csv,1,
9677,3,12,23,27,17,19,-,50,17,19,0.527,228.2,半球,Iceland.csv,1,
9764,1,11,17,2,1,4,-,19,1,4,0.9843,62.0,两球/两球半,DanskeSpil.csv,2,
9776,4,101,25,26,18,18,-,51,18,18,0.5364,242.0,半球,香港马会.csv,1,
9829,2,11,31,50,69,35,-,81,69,35,0.3159,379.6,平手/半球,Bovada.csv,1,
9830,3,12,45,57,59,66,-,102,59,66,0.249,354.9,平手/半球,Stanleybet.it.csv,1,
9914,2,11,51,56,91,59,-,107,91,59,0.2329,398.2,平手/半球,Fonbet.csv,1,
9986,1,32,3,1,3,6,-,4,3,6,0.2878,1.6,受半球/一球,Oddset.csv,2,
10055,2,11,36,24,17,24,-,60,17,24,0.5596,354.9,半球,Coral.csv,1,
10164,1,32,2,1,6,11,-,3,6,11,0.495,10.9,受一球,IFortuna.sk.csv,2,
10206,2,11,36,43,53,48,-,79,53,48,0.2265,184.7,平手/半球,Expekt.csv,1,
10292,1,32,22,31,41,45,-,53,41,45,0.1077,24.9,平手,IFortuna.sk.csv,2,
10320,5,102,73,81,63,50,-,154,63,50,0.5199,2140.7,一球,Bet365.csv,3,
10341,2,11,28,37,21,24,-,65,21,24,0.5474,402.9,半球,伟德.csv,1,
10404,3,12,5,4,4,3,-,9,4,3,0.4921,6.9,球半/两球,Gwbet.csv,2,
10433,1,32,39,34,26,18,-,73,26,18,0.6221,588.7,半球,奥地利博彩.csv,1,
10457,1,32,3,4,7,12,-,7,7,12,0.272,5.6,受半球/一球,PMU.csv,2,
10486,3,12,28,47,83,70,-,75,83,70,0.0704,28.7,平手/半球,Bet365.csv,3,
10539,1,32,3,4,1,9,-,7,1,9,0.5999,11.6,受一球/球半,SuperSport.csv,2,
10628,1,12,3,3,6,31,-,6,6,31,0.8222,138.9,受一球,皇冠.csv,1,
10671,5,102,176,211,329,350,-,387,329,350,0.0675,574.9,平手/半球,Bet365.csv,3,
10674,1,32,16,9,6,7,-,25,6,7,0.6893,76.2,球半,伟德.csv,2,
10680,2,11,7,4,1,0,-,11,1,0,1.2416,24.7,球半/两球,SNAI.csv,1,
10713,3,12,32,49,40,23,-,81,40,23,0.5072,592.7,半球,IFortuna.sk.csv,1,
10722,1,32,2,3,6,14,-,5,6,14,0.4833,16.2,受一球,PMU.csv,2,
10729,2,12,2,1,4,19,-,3,4,19,0.8444,53.6,受一球/球半,皇冠.csv,2,
10784,4,101,5,5,5,3,-,10,5,3,0.4907,8.7,一球,竞彩官方.csv,2,
10803,2,102,13,1,0,0,-,14,0,0,1.4142,43.6,两球半,Expekt.csv,1,
10873,2,11,7,6,1,0,-,13,1,0,1.2657,34.9,球半/两球,PMU.csv,1,
10901,1,32,39,41,27,27,-,80,27,27,0.5594,624.2,半球,威廉希尔.csv,1,
10943,1,32,0,2,5,12,-,2,5,12,0.6616,17.6,受球半,立博.csv,2,
10993,1,11,8,1,2,1,-,9,2,1,0.8898,12.7,两球/两球半,Bet365.csv,2,
10994,0,12,12,3,0,0,-,15,0,0,1.4142,50.0,两球/两球半,Matchbook.csv,1,
10996,3,102,11,3,1,4,-,14,1,4,0.8775,30.9,两球/两球半,IFortuna.sk.csv,2,
11052,3,12,40,47,55,62,-,87,55,62,0.202,188.7,平手/半球,Betshop.csv,1,
11060,2,11,14,9,8,9,-,23,8,9,0.5136,46.9,球半,利记.csv,2,
11099,4,101,40,50,39,31,-,90,39,31,0.49,682.9,半球,Sweden.csv,1,
11107,1,32,2,3,6,13,-,5,6,13,0.4449,12.7,受一球,伟德.csv,2,
11137,5,102,1,2,7,23,-,3,7,23,0.7855,74.7,受球半,Bwin.es.csv,2,
11142,2,11,24,30,34,43,-,54,34,43,0.1873,66.9,平手,Bet365.csv,3,
11202,0,31,5,12,17,47,-,17,17,47,0.5238,200.0,受一球,Bet365.csv,1,
11219,1,32,6,3,9,15,-,9,9,15,0.2571,8.0,受半球/一球,Milenium.csv,2,
11226,2,11,7,10,21,25,-,17,21,25,0.1555,10.7,受平手/半球,Bet365.csv,3,
11237,0,31,91,103,178,159,-,194,178,159,0.0808,204.7,平手,Bet365.csv,3,
11256,1,32,19,6,3,1,-,25,3,1,1.1248,118.2,球半/两球,Bet365.csv,1,
11290,1,32,57,43,38,21,-,100,38,21,0.6406,1152.7,半球/一球,利记.csv,1,
11303,0,11,0,0,2,6,-,0,2,6,0.9354,6.2,受两球,Wewbet(盈禾).csv,2,
11314,2,11,8,14,22,30,-,22,22,30,0.1529,14.2,受平手/半球,Oddset.csv,2,
11332,3,12,34,44,50,57,-,78,50,57,0.1929,141.6,平手/半球,PMU.csv,1,
11356,4,101,4,3,1,0,-,7,1,0,1.1592,9.6,两球,Bet365.csv,3,
11399,2,12,7,5,14,25,-,12,14,25,0.3362,32.7,受半球/一球,竞彩官方.csv,2,
11404,2,11,15,31,47,63,-,46,47,63,0.1498,60.7,受平手/半球,Iddaa.csv,2,
11407,5,102,31,48,78,141,-,79,78,141,0.2966,868.2,受平手/半球,Oddset.csv,2,
11440,4,101,14,23,13,16,-,37,13,16,0.4853,114.0,一球,888Sport.csv,2,
11479,3,101,1,0,2,12,-,1,2,12,0.9933,24.7,受一球,Oddset.csv,1,
11505,2,12,1,2,2,5,-,3,2,5,0.3742,1.6,受球半,Betshop.csv,2,
11551,4,102,11,4,0,0,-,15,0,0,1.4142,50.0,两球半,PMU.csv,1,
11561,1,32,33,40,28,14,-,73,28,14,0.6566,633.6,半球/一球,易胜博.csv,1,
11589,1,32,11,15,16,43,-,26,16,43,0.3934,124.2,受平手/半球,Fonbet.csv,1,
11626,4,101,17,12,18,12,-,29,18,12,0.3579,49.6,一球,MyBet.csv,2,
11627,5,102,39,51,41,28,-,90,41,28,0.5037,712.7,一球,奥地利博彩.csv,2,
11647,2,11,45,43,47,14,-,88,47,14,0.6094,916.2,半球,Bet365.csv,1,
11657,0,31,2,13,13,41,-,15,13,41,0.5545,162.7,受一球,Expekt.csv,1,
11664,1,32,3,2,1,5,-,5,1,5,0.5143,3.6,受一球/球半,伟德.csv,2,
11683,3,12,6,9,23,21,-,15,23,21,0.1728,11.6,受平手/半球,奥地利博彩.csv,2,
11687,1,32,2,1,4,10,-,3,4,10,0.5455,9.6,受球半,Expekt.csv,2,
11705,0,31,43,23,15,12,-,66,15,12,0.7993,614.0,球半,威廉希尔.csv,2,
11745,0,31,164,117,107,90,-,281,107,90,0.5417,7449.6,半球/一球,威廉希尔.it.csv,2,
11770,2,12,4,12,22,34,-,16,22,34,0.3118,56.0,受半球/一球,皇冠.csv,2,
11776,3,12,10,24,35,48,-,34,35,48,0.1635,40.7,受平手/半球,威廉希尔.csv,2,
11803,1,32,21,12,4,1,-,33,4,1,1.1392,208.2,球半/两球,伟德.csv,1,
11806,3,101,12,13,5,0,-,25,5,0,1.0801,116.7,球半/两球,Unibet.fr.csv,1,
11812,5,102,24,25,21,17,-,49,21,17,0.4909,202.7,一球,Iceland.csv,2,
11839,1,32,53,24,25,17,-,77,25,17,0.6706,707.6,半球/一球,SNAI.csv,1,
11845,2,11,1,1,5,5,-,2,5,5,0.3536,2.0,受一球,Bet365.csv,3,
11866,0,31,35,56,79,101,-,91,79,101,0.0996,80.9,受平手/半球,Iceland.csv,2,
11873,2,11,0,3,1,4,-,3,1,4,0.4677,1.6,受球半,必发.csv,2,
11891,2,11,9,6,7,6,-,15,7,6,0.4315,16.2,球半,Fonbet.csv,2,
11895,0,31,79,40,24,14,-,119,24,14,0.9041,2238.9,球半/两球,Iceland.csv,2,
11902,5,102,51,47,41,37,-,98,41,37,0.4749,776.2,一球,Betshop.csv,2,
11906,2,11,33,25,30,22,-,58,30,22,0.4209,238.2,一球,易胜博.csv,2,
11921,4,102,13,2,3,3,-,15,3,3,0.8081,32.0,两球/两球半,SNAI.csv,2,
11944,4,101,2,3,1,27,-,5,1,27,1.0392,130.7,受一球,Bet365.csv,3,
11961,5,102,8,12,27,61,-,20,27,61,0.4974,320.7,受半球/一球,伟德.csv,2,
11987,5,102,96,109,166,169,-,205,166,169,0.0984,314.0,平手/半球,香港马会.csv,1,
11993,3,102,33,24,24,16,-,57,24,16,0.5488,314.9,球半,立博.csv,2,
11999,2,11,12,11,12,11,-,23,12,11,0.3546,29.6,一球,10BET.csv,2,
12000,3,12,25,39,30,20,-,64,30,20,0.4956,354.7,一球,Betshop.csv,2,
12025,3,12,42,61,33,43,-,103,33,43,0.5181,955.6,半球,18Bet.csv,1,
12039,1,11,1,8,6,14,-,9,6,14,0.3414,10.9,受一球,Olimpkz.csv,2,
12041,4,101,1,0,2,14,-,1,2,14,1.0424,34.9,受一球,Sweden.csv,1,
12043,0,31,2,9,8,17,-,11,8,17,0.3118,14.0,受一球/球半,威廉希尔.it.csv,2,
12053,0,31,6,18,27,42,-,24,27,42,0.254,62.0,受半球/一球,奥地利博彩.csv,2,
12059,0,31,40,73,99,126,-,113,99,126,0.0979,121.6,受平手/半球,威廉希尔.csv,2,
12075,3,12,20,34,51,55,-,54,51,55,0.0319,2.9,平手,Bet365.csv,3,
12076,4,101,22,21,26,21,-,43,26,21,0.3139,88.7,平手,Sweden.csv,1,
12088,4,101,7,2,4,3,-,9,4,3,0.4921,6.9,球半,利记.csv,2,
12126,0,31,146,92,99,70,-,238,99,70,0.5405,5376.2,半球/一球,Sweden.csv,2,
12136,4,101,2,1,2,24,-,3,2,24,1.0493,102.9,受一球,PartyBets.csv,1,
12143,0,102,0,0,0,8,-,0,0,8,1.4142,14.2,受两球,Iddaa.csv,1,
12158,2,11,4,15,17,22,-,19,17,22,0.1063,4.2,受平手/半球,PMU.csv,2,
12160,4,101,21,27,41,60,-,48,41,60,0.158,61.6,受平手/半球,利记.csv,2,
12161,5,102,17,25,55,83,-,42,55,83,0.2851,292.7,受平手/半球,香港马会.csv,2,
12166,3,102,0,1,4,9,-,1,4,9,0.7071,10.9,受球半,伟德.csv,2,
12217,2,101,13,0,3,1,-,13,3,1,0.9264,27.6,两球半,易胜博.csv,2,
12228,2,11,21,29,18,7,-,50,18,7,0.7296,332.7,半球/一球,BetClick.csv,1,
12230,4,101,29,18,27,25,-,47,27,25,0.301,98.7,半球/一球,888Sport.csv,2,
12237,5,102,5,7,12,41,-,12,12,41,0.631,186.9,受一球,Expekt.csv,2,
12248,2,11,3,1,6,33,-,4,6,33,0.9226,174.9,受半球,Bookmaker.eu.csv,1,
12251,2,11,2,4,13,14,-,6,13,14,0.3235,12.7,受半球/一球,易胜博.csv,2,
12258,3,12,5,15,23,26,-,20,23,26,0.1065,6.0,受平手/半球,利记.csv,2,
12264,2,101,0,1,3,9,-,1,3,9,0.7845,11.6,受球半,Oddset.csv,2,
12271,2,11,13,22,32,18,-,35,32,18,0.2615,54.9,平手,立博.csv,1,
12279,5,102,71,106,140,169,-,177,140,169,0.0981,252.7,平手/半球,澳门.csv,1,
12283,2,11,9,3,8,4,-,12,8,4,0.4082,10.7,球半,Bet-at-home.csv,2,
12320,0,31,189,138,142,93,-,327,142,93,0.5379,10153.6,半球/一球,立博.csv,2,
12334,3,12,0,2,4,25,-,2,4,25,1.0067,108.2,受半球,Betstar.csv,1,
12335,3,101,1,0,5,16,-,1,5,16,0.8648,40.2,受半球,澳门.csv,1,
12336,5,102,11,14,24,76,-,25,24,76,0.5827,589.6,受半球,香港马会.csv,1,
12337,2,11,1,1,11,34,-,2,11,34,0.8601,181.6,受半球,Matchbook.csv,1,
12338,3,12,2,3,7,33,-,5,7,33,0.8503,162.7,受半球,GentingBet.csv,1,
12345,1,32,11,16,18,57,-,27,18,57,0.4904,278.0,受平手/半球,Bet365.csv,1,
12347,3,12,15,33,43,55,-,48,43,55,0.1011,24.2,受平手/半球,必发.csv,2,
12367,0,31,87,45,33,24,-,132,33,24,0.7766,2394.0,球半,Iceland.csv,2,
12370,3,12,11,2,2,1,-,13,2,1,1.0193,29.6,球半,必发.csv,1,
12377,3,12,33,19,29,16,-,52,29,16,0.4604,221.6,一球,Sweden.csv,2,
12418,5,102,8,11,26,66,-,19,26,66,0.5596,428.7,受半球,竞彩官方.csv,1,
12419,2,11,4,0,7,25,-,4,7,25,0.7728,86.0,受半球,SNAI.csv,1,
12420,0,31,14,17,40,78,-,31,40,78,0.4101,414.9,受半球,必发.csv,1,
12421,5,102,14,30,41,112,-,44,41,112,0.4993,1074.9,受半球,Sweden.csv,1,
12422,0,31,10,14,25,54,-,24,25,54,0.4052,193.6,受半球,皇冠.csv,1,
12428,2,11,19,33,56,65,-,52,56,65,0.0943,29.6,受平手/半球,澳门.csv,2,
12433,1,11,3,1,3,6,-,4,3,6,0.2878,1.6,受球半,皇冠.csv,2,
12453,3,12,15,10,5,0,-,25,5,0,1.0801,116.7,球半,BetCRIS.csv,1,
12457,3,12,4,2,2,2,-,6,2,2,0.5657,3.6,球半/两球,Norway.csv,2,
12459,3,12,15,10,22,11,-,25,22,11,0.3113,36.2,一球,10BET.csv,2,
12464,3,12,9,10,11,10,-,19,11,10,0.3021,16.2,一球,必发.csv,2,
12490,3,12,27,19,30,26,-,46,30,26,0.2541,74.7,半球/一球,1Bet.csv,2,
12492,5,102,47,56,66,49,-,103,66,49,0.3102,508.2,半球/一球,利记.csv,2,
12496,3,12,1,1,0,7,-,2,0,7,0.9813,8.7,受一球,伟德.csv,1,
12499,0,31,1,3,6,7,-,4,6,7,0.2201,1.6,受一球/球半,Iceland.csv,2,
12503,0,31,0,0,1,7,-,0,1,7,1.1592,9.6,受两球,PaddyPower.csv,1,
12504,4,101,5,2,12,35,-,7,12,35,0.6774,148.7,受半球,888Sport.csv,1,
12505,1,32,4,3,4,22,-,7,4,22,0.7158,62.0,受半球,SNAI.csv,1,
12506,1,32,3,3,9,32,-,6,9,32,0.7413,134.9,受半球,10BET.csv,1,
12507,1,32,1,2,2,22,-,3,2,22,1.0224,84.7,受半球,BetAdria.csv,1,
12508,1,32,4,4,8,11,-,8,8,11,0.1571,2.0,受半球,奥地利博彩.csv,2,
12509,1,32,1,4,4,6,-,5,4,6,0.1633,0.7,受半球,Oddset.csv,2,
12517,1,32,1,1,11,13,-,2,11,13,0.552,22.9,受平手/半球,Betshop.csv,1,
12521,5,102,32,48,80,138,-,80,80,138,0.2752,747.6,受平手/半球,Iddaa.csv,2,
12524,3,101,0,2,4,12,-,2,4,12,0.7201,18.7,受球半,必发.csv,2,
12547,4,101,14,8,2,1,-,22,2,1,1.1607,93.6,球半/两球,Sweden.csv,1,
12548,5,102,17,5,11,5,-,22,11,5,0.5558,49.6,球半/两球,Bet365.csv,2,
12564,5,102,123,140,131,160,-,263,131,160,0.3067,3208.2,半球,竞彩官方.csv,1,
12567,5,102,180,190,196,218,-,370,196,218,0.296,5984.9,半球,Sweden.csv,1,
12568,0,31,156,130,130,91,-,286,130,91,0.4985,7098.0,半球,香港马会.csv,1,
12569,0,31,150,135,115,95,-,285,115,95,0.5166,7266.7,半球,竞彩官方.csv,1,
12574,4,101,22,17,26,22,-,39,26,22,0.2502,52.7,半球/一球,MyBet.csv,2,
12575,5,102,41,47,50,46,-,88,50,46,0.3086,358.2,半球/一球,Iceland.csv,2,
12584,1,32,6,6,9,14,-,12,9,14,0.1761,4.2,受半球,Interwetten.csv,2,
12585,4,101,9,6,21,34,-,15,21,34,0.3399,62.9,受半球,Iceland.csv,2,
12586,2,11,9,11,28,40,-,20,28,40,0.2802,67.6,受半球,金宝博.csv,2,
12587,2,11,10,17,30,48,-,27,30,48,0.265,86.0,受半球,Iddaa.csv,2,
12588,2,11,6,5,12,18,-,11,12,18,0.2262,9.6,受半球,必发.csv,2,
12589,4,101,12,8,18,32,-,20,18,32,0.265,38.2,受半球,必发.csv,2,
12590,0,31,4,11,22,26,-,15,22,26,0.2165,20.7,受半球/一球,澳门.csv,2,
12595,0,31,45,86,119,148,-,131,119,148,0.0897,141.6,受平手/半球,Bet365.csv,2,
12600,0,31,3,2,5,10,-,5,5,10,0.3536,5.6,受球半,Betshop.csv,2,
12602,2,12,1,1,4,3,-,2,4,3,0.2722,0.7,受球半,SNAI.csv,2,
12612,4,101,3,10,11,24,-,13,11,24,0.3572,32.7,平手,香港马会.csv,1,
12620,0,31,55,30,21,17,-,85,21,17,0.7599,970.7,球半,Interwetten.csv,2,
12627,1,32,14,3,0,0,-,17,0,0,1.4142,64.2,球半/两球,DanskeSpil.csv,1,
12633,0,31,82,51,37,30,-,133,37,30,0.7049,2208.2,一球,伟德.csv,2,
12634,0,31,66,49,34,25,-,115,34,25,0.6978,1638.0,一球,竞彩官方.csv,2,
12635,0,31,179,134,90,71,-,313,90,71,0.6954,12072.7,一球,Iceland.csv,2,
12636,0,31,143,91,72,51,-,234,72,51,0.6871,6686.0,一球,利记.csv,2,
12649,2,12,10,1,0,0,-,11,0,0,1.4142,26.9,两球/两球半,澳门.csv,1,
12670,0,31,1,9,8,12,-,10,8,12,0.1633,2.7,受一球/球半,TotoSi.csv,2,
12674,0,31,17,28,45,69,-,45,45,69,0.2135,128.0,受半球,威廉希尔.it.csv,2,
12675,3,12,3,6,12,18,-,9,12,18,0.2878,14.0,受半球,Betshop.csv,2,
12676,0,31,13,18,27,43,-,31,27,43,0.2019,46.2,受半球,澳门.csv,2,
12677,5,102,21,31,50,101,-,52,50,101,0.3485,556.2,受半球,888Sport.csv,2,
12678,0,31,17,26,38,55,-,43,38,55,0.1574,50.9,受半球,香港马会.csv,2,
12679,3,12,3,7,11,16,-,10,11,16,0.2128,6.9,受半球,Bet365.csv,2,
12680,0,31,8,17,24,36,-,25,24,36,0.1919,29.6,受半球/一球,Norway.csv,2,
12689,4,102,18,29,63,81,-,47,63,81,0.2181,192.9,受平手/半球,竞彩官方.csv,2,
12691,2,11,1,1,4,3,-,2,4,3,0.2722,0.7,受球半,Expekt.csv,2,
12693,3,102,1,1,4,8,-,2,4,8,0.5345,6.2,受球半,立博.csv,2,
12704,5,102,147,188,269,290,-,335,269,290,0.0924,758.0,平手/半球,Fonbet.csv,1,
12708,0,31,23,19,10,10,-,42,10,10,0.7299,227.6,球半,竞彩官方.csv,2,
12711,5,102,13,4,7,7,-,17,7,7,0.4562,22.2,球半,Oddset.csv,2,
12716,1,32,29,23,18,14,-,52,18,14,0.6089,290.7,一球,必发.csv,2,
12719,1,32,34,28,20,18,-,62,20,18,0.6086,411.6,一球,立博.csv,2,
12721,1,32,21,15,14,16,-,36,14,16,0.4515,98.7,一球,Norway.csv,2,
12736,1,32,4,1,2,1,-,5,2,1,0.6374,2.9,两球半,Bet365.csv,3,
12743,5,102,204,228,229,240,-,432,229,240,0.3104,8688.2,半球,BetCRIS.csv,1,
12744,0,31,209,196,167,131,-,405,167,131,0.5188,14779.6,半球,Gwbet.csv,1,
12747,2,11,19,24,16,4,-,43,16,4,0.7766,266.0,半球/一球,Expekt.csv,1,
12748,3,12,19,14,24,22,-,33,24,22,0.1817,22.9,半球/一球,IBCBET(沙巴).csv,2,
12750,5,102,36,29,49,36,-,65,49,36,0.2372,140.7,半球/一球,易胜博.csv,2,
12751,0,31,1,12,9,39,-,13,9,39,0.6541,176.9,受一球,PMU.csv,1,
12752,2,11,2,3,4,6,-,5,4,6,0.1633,0.7,受一球,Bovada.csv,2,
12756,0,31,1,6,5,7,-,7,5,7,0.1489,0.9,受一球/球半,Oddset.csv,2,
12760,0,31,0,0,1,7,-,0,1,7,1.1592,9.6,受两球,Sjbet.csv,1,
12761,5,102,21,37,55,110,-,58,55,110,0.3397,637.6,受半球,Unibet.it.csv,2,
12762,4,101,7,5,17,42,-,12,17,42,0.5545,172.2,受半球,Bet365.csv,3,
12763,0,31,22,35,65,123,-,57,65,123,0.3601,864.9,受半球,Bet365.csv,3,
12764,2,11,3,2,12,16,-,5,12,16,0.4133,20.7,受半球,Bet365.csv,3,
12765,1,32,9,12,11,44,-,21,11,44,0.5454,190.9,受半球,Bet365.csv,3,
12766,5,102,16,27,46,99,-,43,46,99,0.4104,661.6,受半球,Bet365.csv,3,
12767,0,31,10,20,24,38,-,30,24,38,0.187,32.9,受半球/一球,威廉希尔.it.csv,2,
12768,1,11,5,4,14,13,-,9,14,13,0.18,4.7,受半球/一球,Olimpkz.csv,2,
12771,4,102,8,9,20,43,-,17,20,43,0.4355,134.9,受半球/一球,香港马会.csv,2,
12776,4,101,13,17,27,33,-,30,27,33,0.0816,6.0,受平手/半球,Nike.csv,2,
12779,1,11,3,1,5,6,-,4,5,6,0.1633,0.7,受球半,Singbet.csv,2,
12788,2,11,14,25,21,20,-,39,21,20,0.3274,76.2,平手,Gwbet.csv,1,
12796,5,102,142,171,255,273,-,313,255,273,0.0865,587.6,平手/半球,IFortuna.sk.csv,1,
12799,1,32,5,4,5,4,-,9,5,4,0.36,4.7,球半,Bet3000.csv,2,
12801,3,12,11,6,0,0,-,17,0,0,1.4142,64.2,球半,Tote.csv,1,
12802,4,101,4,2,6,3,-,6,6,3,0.2828,2.0,球半,PMU.csv,2,
12804,0,31,22,9,12,1,-,31,12,1,0.8449,153.6,球半/两球,Efbet.csv,2,
12809,5,102,6,0,3,3,-,6,3,3,0.3536,2.0,球半/两球,利记.csv,2,
