,code,name,cl,cljg,qz,files,gxsj
0,300208,青岛中程,策略7,背驰,1,7bc1,202010082258
1,300064,豫金刚石,策略7,背驰,1,7bc1,202010082258
2,300018,中元股份,策略7,背驰,1,7bc1,202010082258
3,000793,华闻集团,策略7,背驰,1,7bc1,202010082258
4,300650,太龙照明,策略7,背驰,1,7bc1,202010082258
5,300593,新雷能,策略7,背驰,1,7bc1,202010082258
6,000920,南方汇通,策略7,背驰,1,7bc1,202010082258
7,300317,珈伟新能,策略7,背驰,1,7bc1,202010082258
8,300402,宝色股份,策略7,背驰,1,7bc1,202010082258
9,000591,太阳能,策略7,背驰,1,7bc1,202010082258
10,300617,安靠智电,策略7,背驰,1,7bc1,202010082258
11,300040,九洲集团,策略7,背驰,1,7bc1,202010082258
12,300062,中能电气,策略7,背驰,1,7bc1,202010082258
13,601633,长城汽车,策略7,背驰,1,7bc1,202010082258
14,300320,海达股份,策略7,背驰,1,7bc1,202010082258
15,300711,广哈通信,策略7,背驰,1,7bc1,202010082258
16,600207,安彩高科,策略7,背驰,1,7bc1,202010082258
17,300393,中来股份,策略7,背驰,1,7bc1,202010082258
18,603755,日辰股份,策略7,背驰,1,7bc1,202010082258
19,600882,妙可蓝多,策略7,背驰,1,7bc1,202010082258
20,002164,宁波东力,策略7,背驰,1,7bc1,202010082258
21,300776,帝尔激光,策略7,背驰,1,7bc1,202010082258
22,600273,嘉化能源,策略7,背驰,1,7bc1,202010082258
23,300385,雪浪环境,策略7,背驰,1,7bc1,202010082258
24,002487,大金重工,策略7,背驰,1,7bc1,202010082258
25,300345,华民股份,策略7,背驰,1,7bc1,202010082258
26,603016,新宏泰,策略7,背驰,1,7bc1,202010082258
27,002126,银轮股份,策略7,背驰,1,7bc1,202010082258
28,300522,世名科技,策略7,背驰,1,7bc1,202010082258
29,603686,龙马环卫,策略7,背驰,1,7bc1,202010082258
30,600197,伊力特,策略7,背驰,1,7bc1,202010082258
31,300301,长方集团,策略7,背驰,1,7bc1,202010082258
32,000526,紫光学大,策略7,背驰,1,7bc1,202010082258
33,002515,金字火腿,策略7,背驰,1,7bc1,202010082258
34,002687,乔治白,策略7,背驰,1,7bc1,202010082258
35,300490,华自科技,策略7,背驰,1,7bc1,202010082258
36,600173,卧龙地产,策略7,背驰,1,7bc1,202010082258
37,002664,长鹰信质,策略7,背驰,1,7bc1,202010082258
38,002897,意华股份,策略7,背驰,1,7bc1,202010082258
39,601908,京运通,策略7,背驰,1,7bc1,202010082258
40,688021,奥福环保,策略7,背驰,1,7bc1,202010082258
41,002413,雷科防务,策略7,背驰,1,7bc1,202010082258
42,002438,江苏神通,策略7,背驰,1,7bc1,202010082258
43,601038,一拖股份,策略7,背驰,1,7bc1,202010082258
44,300290,荣科科技,策略7,背驰,1,7bc1,202010082258
45,300179,四方达,策略7,背驰,1,7bc1,202010082258
46,300406,九强生物,策略7,背驰,1,7bc1,202010082258
47,300240,飞力达,策略7,背驰,1,7bc1,202010082258
48,002537,海联金汇,策略7,背驰,1,7bc1,202010082258
49,600638,新黄浦,策略7,背驰,1,7bc1,202010082258
50,002370,亚太药业,策略7,背驰,1,7bc1,202010082258
51,603027,千禾味业,策略7,背驰,1,7bc1,202010082258
52,300712,永福股份,策略7,背驰,1,7bc1,202010082258
53,300484,蓝海华腾,策略7,背驰,1,7bc1,202010082258
54,000895,双汇发展,策略7,背驰,1,7bc1,202010082258
55,002827,高争民爆,策略7,背驰,1,7bc1,202010082258
56,300247,融捷健康,策略7,背驰,1,7bc1,202010082258
57,603129,春风动力,策略7,背驰,1,7bc1,202010082258
58,600807,济南高新,策略7,背驰,1,7bc1,202010082258
59,300274,阳光电源,策略7,背驰,1,7bc1,202010082258
60,002747,埃斯顿,策略7,背驰,1,7bc1,202010082258
61,600089,特变电工,策略7,背驰,1,7bc1,202010082258
62,601717,郑煤机,策略7,背驰,1,7bc1,202010082258
63,000596,古井贡酒,策略7,背驰,1,7bc1,202010082258
64,600984,建设机械,策略7,背驰,1,7bc1,202010082258
65,300585,奥联电子,策略7,背驰,1,7bc1,202010082258
66,300376,易事特,策略7,背驰,1,7bc1,202010082258
67,600405,动力源,策略7,背驰,1,7bc1,202010082258
68,300546,雄帝科技,策略7,背驰,1,7bc1,202010082258
69,300375,鹏翎股份,策略7,背驰,1,7bc1,202010082258
70,002228,合兴包装,策略7,背驰,1,7bc1,202010082258
71,000788,北大医药,策略7,背驰,1,7bc1,202010082258
72,002459,晶澳科技,策略7,背驰,1,7bc1,202010082258
73,002342,巨力索具,策略7,背驰,1,7bc1,202010082258
74,300772,运达股份,策略7,背驰,1,7bc1,202010082258
75,300249,依米康,策略7,背驰,1,7bc1,202010082258
76,002277,友阿股份,策略7,背驰,1,7bc1,202010082258
77,600305,恒顺醋业,策略7,背驰,1,7bc1,202010082258
78,603007,花王股份,策略7,背驰,1,7bc1,202010082258
79,600977,中国电影,策略7,背驰,1,7bc1,202010082258
80,688006,杭可科技,策略7,背驰,1,7bc1,202010082258
81,300027,华谊兄弟,策略7,背驰,1,7bc1,202010082258
82,300365,恒华科技,策略7,背驰,1,7bc1,202010082258
83,000048,京基智农,策略7,背驰,1,7bc1,202010082258
84,000005,世纪星源,策略7,背驰,1,7bc1,202010082258
85,002969,嘉美包装,策略7,背驰,1,7bc1,202010082258
86,300686,智动力,策略7,背驰,1,7bc1,202010082258
87,002703,浙江世宝,策略7,背驰,1,7bc1,202010082258
88,300211,亿通科技,策略7,背驰,1,7bc1,202010082258
89,603869,新智认知,策略7,背驰,1,7bc1,202010082258
90,600885,宏发股份,策略7,背驰,1,7bc1,202010082258
91,002022,科华生物,策略7,背驰,1,7bc1,202010082258
92,002829,星网宇达,策略7,背驰,1,7bc1,202010082258
93,300335,迪森股份,策略7,背驰,1,7bc1,202010082258
94,600114,东睦股份,策略7,背驰,1,7bc1,202010082258
95,300410,正业科技,策略7,背驰,1,7bc1,202010082258
96,600846,同济科技,策略7,背驰,1,7bc1,202010082258
97,000597,东北制药,策略7,背驰,1,7bc1,202010082258
98,600072,中船科技,策略7,背驰,1,7bc1,202010082258
99,300215,电科院,策略7,背驰,1,7bc1,202010082258
100,603997,继峰股份,策略7,背驰,1,7bc1,202010082258
101,600590,泰豪科技,策略7,背驰,1,7bc1,202010082258
102,300219,鸿利智汇,策略7,背驰,1,7bc1,202010082258
103,603337,杰克股份,策略7,背驰,1,7bc1,202010082258
104,300809,华辰装备,策略7,背驰,1,7bc1,202010082258
105,300549,优德精密,策略7,背驰,1,7bc1,202010082258
106,603121,华培动力,策略7,背驰,1,7bc1,202010082258
107,300607,拓斯达,策略7,背驰,1,7bc1,202010082258
108,603519,立霸股份,策略7,背驰,1,7bc1,202010082258
109,300126,锐奇股份,策略7,背驰,1,7bc1,202010082258
110,603586,金麒麟,策略7,背驰,1,7bc1,202010082258
111,603317,天味食品,策略7,背驰,1,7bc1,202010082258
112,300067,安诺其,策略7,背驰,1,7bc1,202010082258
113,600597,光明乳业,策略7,背驰,1,7bc1,202010082258
114,603871,嘉友国际,策略7,背驰,1,7bc1,202010082258
115,300674,宇信科技,策略7,背驰,1,7bc1,202010082258
116,300210,森远股份,策略7,背驰,1,7bc1,202010082258
117,002288,超华科技,策略7,背驰,1,7bc1,202010082258
118,300691,联合光电,策略7,背驰,1,7bc1,202010082258
119,601606,长城军工,策略7,背驰,1,7bc1,202010082258
120,300624,万兴科技,策略7,背驰,1,7bc1,202010082258
121,603819,神力股份,策略7,背驰,1,7bc1,202010082258
122,300153,科泰电源,策略7,背驰,1,7bc1,202010082258
123,300556,丝路视觉,策略7,背驰,1,7bc1,202010082258
124,000519,中兵红箭,策略7,背驰,1,7bc1,202010082258
125,600889,南京化纤,策略7,背驰,1,7bc1,202010082258
126,600260,凯乐科技,策略7,背驰,1,7bc1,202010082258
127,002406,远东传动,策略7,背驰,1,7bc1,202010082258
128,603697,有友食品,策略7,背驰,1,7bc1,202010082258
129,300103,达刚控股,策略7,背驰,1,7bc1,202010082258
130,300510,金冠股份,策略7,背驰,1,7bc1,202010082258
131,000929,兰州黄河,策略7,背驰,1,7bc1,202010082258
132,300808,久量股份,策略7,背驰,1,7bc1,202010082258
133,002848,高斯贝尔,策略7,背驰,1,7bc1,202010082258
134,002837,英维克,策略7,背驰,1,7bc1,202010082258
135,300107,建新股份,策略7,背驰,1,7bc1,202010082258
136,002382,蓝帆医疗,策略7,背驰,1,7bc1,202010082258
137,002713,东易日盛,策略7,背驰,1,7bc1,202010082258
138,300428,四通新材,策略7,背驰,1,7bc1,202010082258
139,603338,浙江鼎力,策略7,背驰,1,7bc1,202010082258
140,002273,水晶光电,策略7,背驰,1,7bc1,202010082258
141,002542,中化岩土,策略7,背驰,1,7bc1,202010082258
142,000768,中航飞机,策略7,背驰,1,7bc1,202010082258
143,002184,海得控制,策略7,背驰,1,7bc1,202010082258
144,603909,合诚股份,策略7,背驰,1,7bc1,202010082258
145,603615,茶花股份,策略7,背驰,1,7bc1,202010082258
146,603589,口子窖,策略7,背驰,1,7bc1,202010082258
147,002043,兔 宝 宝,策略7,背驰,1,7bc1,202010082258
148,600593,大连圣亚,策略7,背驰,1,7bc1,202010082258
149,002204,大连重工,策略7,背驰,1,7bc1,202010082258
150,600809,山西汾酒,策略7,背驰,1,7bc1,202010082258
151,300304,云意电气,策略7,背驰,1,7bc1,202010082258
152,300502,新易盛,策略7,背驰,1,7bc1,202010082258
153,300555,路通视信,策略7,背驰,1,7bc1,202010082258
154,002212,南洋股份,策略7,背驰,1,7bc1,202010082258
155,300707,威唐工业,策略7,背驰,1,7bc1,202010082258
156,603716,塞力斯,策略7,背驰,1,7bc1,202010082258
157,300152,科融环境,策略7,背驰,1,7bc1,202010082258
158,603826,坤彩科技,策略7,背驰,1,7bc1,202010082258
159,603225,新凤鸣,策略7,背驰,1,7bc1,202010082258
160,300611,美力科技,策略7,背驰,1,7bc1,202010082258
161,600328,中盐化工,策略7,背驰,1,7bc1,202010082258
162,600587,新华医疗,策略7,背驰,1,7bc1,202010082258
163,300164,通源石油,策略7,背驰,1,7bc1,202010082258
164,603358,华达科技,策略7,背驰,1,7bc1,202010082258
165,603060,国检集团,策略7,背驰,1,7bc1,202010082258
166,600343,航天动力,策略7,背驰,1,7bc1,202010082258
167,002621,美吉姆,策略7,背驰,1,7bc1,202010082258
168,600409,三友化工,策略7,背驰,1,7bc1,202010082258
169,002001,新 和 成,策略7,背驰,1,7bc1,202010082258
170,300105,龙源技术,策略7,背驰,1,7bc1,202010082258
171,600031,三一重工,策略7,背驰,1,7bc1,202010082258
172,000930,中粮科技,策略7,背驰,1,7bc1,202010082258
173,603315,福鞍股份,策略7,背驰,1,7bc1,202010082258
174,000426,兴业矿业,策略7,背驰,1,7bc1,202010082258
175,002285,世联行,策略7,背驰,1,7bc1,202010082258
176,603038,华立股份,策略7,背驰,1,7bc1,202010082258
177,603859,能科股份,策略7,背驰,1,7bc1,202010082258
178,300147,香雪制药,策略7,背驰,1,7bc1,202010082258
179,300551,古鳌科技,策略7,背驰,1,7bc1,202010082258
180,600300,维维股份,策略7,背驰,1,7bc1,202010082258
181,600222,太龙药业,策略7,背驰,1,7bc1,202010082258
182,603818,曲美家居,策略7,背驰,1,7bc1,202010082258
183,002483,润邦股份,策略7,背驰,1,7bc1,202010082258
184,000615,京汉股份,策略7,背驰,1,7bc1,202010082258
185,600406,国电南瑞,策略7,背驰,1,7bc1,202010082258
186,601838,成都银行,策略7,背驰,1,7bc1,202010082258
187,300356,光一科技,策略7,背驰,1,7bc1,202010082258
188,600285,羚锐制药,策略7,背驰,1,7bc1,202010082258
189,600449,宁夏建材,策略7,背驰,1,7bc1,202010082258
190,002947,恒铭达,策略7,背驰,1,7bc1,202010082258
191,600900,长江电力,策略7,背驰,1,7bc1,202010082258
192,603169,兰石重装,策略7,背驰,1,7bc1,202010082258
193,600128,弘业股份,策略7,背驰,1,7bc1,202010082258
194,000910,大亚圣象,策略7,背驰,1,7bc1,202010082258
195,300051,三五互联,策略7,背驰,1,7bc1,202010082258
196,002858,力盛赛车,策略7,背驰,1,7bc1,202010082258
197,002242,九阳股份,策略7,背驰,1,7bc1,202010082258
198,002818,富森美,策略7,背驰,1,7bc1,202010082258
199,002888,惠威科技,策略7,背驰,1,7bc1,202010082258
200,603579,荣泰健康,策略7,背驰,1,7bc1,202010082258
201,300716,国立科技,策略7,背驰,1,7bc1,202010082258
202,603305,旭升股份,策略7,背驰,1,7bc1,202010082258
203,300497,富祥药业,策略7,背驰,1,7bc1,202010082258
204,600217,中再资环,策略7,背驰,1,7bc1,202010082258
205,000004,国农科技,策略7,背驰,1,7bc1,202010082258
206,300092,科新机电,策略7,背驰,1,7bc1,202010082258
207,601595,上海电影,策略7,背驰,1,7bc1,202010082258
208,002701,奥瑞金,策略7,背驰,1,7bc1,202010082258
209,600138,中青旅,策略7,背驰,1,7bc1,202010082258
210,002600,领益智造,策略7,背驰,1,7bc1,202010082258
211,603133,碳元科技,策略7,背驰,1,7bc1,202010082258
212,002009,天奇股份,策略7,背驰,1,7bc1,202010082258
213,300171,东富龙,策略7,背驰,1,7bc1,202010082258
214,300765,新诺威,策略7,背驰,1,7bc1,202010082258
215,600199,金种子酒,策略7,背驰,1,7bc1,202010082258
216,603489,八方股份,策略7,背驰,1,7bc1,202010082258
217,300683,海特生物,策略7,背驰,1,7bc1,202010082258
218,300135,宝利国际,策略7,背驰,1,7bc1,202010082258
219,002339,积成电子,策略7,背驰,1,7bc1,202010082258
220,300401,花园生物,策略7,背驰,1,7bc1,202010082258
221,603610,麒盛科技,策略7,背驰,1,7bc1,202010082258
222,600716,凤凰股份,策略7,背驰,1,7bc1,202010082258
223,603198,迎驾贡酒,策略7,背驰,1,7bc1,202010082258
224,300285,国瓷材料,策略7,背驰,1,7bc1,202010082258
225,603355,莱克电气,策略7,背驰,1,7bc1,202010082258
226,603727,博迈科,策略7,背驰,1,7bc1,202010082258
227,000062,深圳华强,策略7,背驰,1,7bc1,202010082258
228,603056,德邦股份,策略7,背驰,1,7bc1,202010082258
229,300066,三川智慧,策略7,背驰,1,7bc1,202010082258
230,000550,江铃汽车,策略7,背驰,1,7bc1,202010082258
231,002573,清新环境,策略7,背驰,1,7bc1,202010082258
232,002873,新天药业,策略7,背驰,1,7bc1,202010082258
233,600373,中文传媒,策略7,背驰,1,7bc1,202010082258
234,002270,华明装备,策略7,背驰,1,7bc1,202010082258
235,300057,万顺新材,策略7,背驰,1,7bc1,202010082258
236,300637,扬帆新材,策略7,背驰,1,7bc1,202010082258
237,300771,智莱科技,策略7,背驰,1,7bc1,202010082258
238,600770,综艺股份,策略7,背驰,1,7bc1,202010082258
239,600557,康缘药业,策略7,背驰,1,7bc1,202010082258
240,000421,南京公用,策略7,背驰,1,7bc1,202010082258
241,600352,浙江龙盛,策略7,背驰,1,7bc1,202010082258
242,300543,朗科智能,策略7,背驰,1,7bc1,202010082258
243,002781,奇信股份,策略7,背驰,1,7bc1,202010082258
244,601611,中国核建,策略7,背驰,1,7bc1,202010082258
245,000962,东方钽业,策略7,背驰,1,7bc1,202010082258
246,002545,东方铁塔,策略7,背驰,1,7bc1,202010082258
247,600689,上海三毛,策略7,背驰,1,7bc1,202010082258
248,603801,志邦家居,策略7,背驰,1,7bc1,202010082258
249,002787,华源控股,策略7,背驰,1,7bc1,202010082258
250,000672,上峰水泥,策略7,背驰,1,7bc1,202010082258
251,300193,佳士科技,策略7,背驰,1,7bc1,202010082258
252,002424,贵州百灵,策略7,背驰,1,7bc1,202010082258
253,600262,北方股份,策略7,背驰,1,7bc1,202010082258
254,002534,杭锅股份,策略7,背驰,1,7bc1,202010082258
255,603136,天目湖,策略7,背驰,1,7bc1,202010082258
256,603666,亿嘉和,策略7,背驰,1,7bc1,202010082258
257,300679,电连技术,策略7,背驰,1,7bc1,202010082258
258,688300,联瑞新材,策略7,背驰,1,7bc1,202010082258
259,600371,万向德农,策略7,背驰,1,7bc1,202010082258
260,002812,恩捷股份,策略7,背驰,1,7bc1,202010082258
261,002189,中光学,策略7,背驰,1,7bc1,202010082258
262,601698,中国卫通,策略7,背驰,1,7bc1,202010082258
263,688310,迈得医疗,策略7,背驰,1,7bc1,202010082258
264,603096,新经典,策略7,背驰,1,7bc1,202010082258
265,600104,上汽集团,策略7,背驰,1,7bc1,202010082258
266,600182,S佳通,策略7,背驰,1,7bc1,202010082258
267,600321,正源股份,策略7,背驰,1,7bc1,202010082258
268,600547,山东黄金,策略7,背驰,1,7bc1,202010082258
269,601199,江南水务,策略7,背驰,1,7bc1,202010082258
270,601872,招商轮船,策略7,背驰,1,7bc1,202010082258
271,603003,龙宇燃油,策略7,背驰,1,7bc1,202010082258
272,603367,辰欣药业,策略7,背驰,1,7bc1,202010082258
273,603515,欧普照明,策略7,背驰,1,7bc1,202010082258
274,603960,克来机电,策略7,背驰,1,7bc1,202010082258
275,688033,天宜上佳,策略7,背驰,1,7bc1,202010082258
276,300337,银邦股份,策略7,背驰,1,7bc1,202010082258
277,300294,博雅生物,策略7,背驰,1,7bc1,202010082258
278,300272,开能健康,策略7,背驰,1,7bc1,202010082258
279,300269,联建光电,策略7,背驰,1,7bc1,202010082258
280,300082,奥克股份,策略7,背驰,1,7bc1,202010082258
281,300071,华谊嘉信,策略7,背驰,1,7bc1,202010082258
282,300050,世纪鼎利,策略7,背驰,1,7bc1,202010082258
283,002883,中设股份,策略7,背驰,1,7bc1,202010082258
284,002665,首航高科,策略7,背驰,1,7bc1,202010082258
285,002296,辉煌科技,策略7,背驰,1,7bc1,202010082258
286,002181,粤 传 媒,策略7,背驰,1,7bc1,202010082258
287,000751,锌业股份,策略7,背驰,1,7bc1,202010082258
288,000632,三木集团,策略7,背驰,1,7bc1,202010082258
289,000065,北方国际,策略7,背驰,1,7bc1,202010082258
290,000056,皇庭国际,策略7,背驰,1,7bc1,202010082258
291,601021,春秋航空,策略7,背驰,1,7bc1,202010082258
292,000738,航发控制,策略7,背驰,1,7bc1,202010082258
293,002120,韵达股份,策略7,背驰,1,7bc1,202010082258
294,600612,老凤祥,策略7,背驰,1,7bc1,202010082258
295,603329,上海雅仕,策略7,背驰,1,7bc1,202010082258
296,600276,恒瑞医药,策略7,背驰,1,7bc1,202010082258
297,603839,安正时尚,策略7,背驰,1,7bc1,202010082258
298,603369,今世缘,策略7,背驰,1,7bc1,202010082258
299,000534,万泽股份,策略7,背驰,1,7bc1,202010082258
300,600826,兰生股份,策略7,背驰,1,7bc1,202010082258
301,000070,特发信息,策略7,背驰,1,7bc1,202010082258
302,000756,新华制药,策略7,背驰,1,7bc1,202010082258
303,300174,元力股份,策略7,背驰,1,7bc1,202010082258
304,600995,文山电力,策略7,背驰,1,7bc1,202010082258
305,000601,韶能股份,策略7,背驰,1,7bc1,202010082258
306,600284,浦东建设,策略7,背驰,1,7bc1,202010082258
307,002791,坚朗五金,策略7,背驰,1,7bc1,202010082258
308,000612,焦作万方,策略7,背驰,1,7bc1,202010082258
309,300475,聚隆科技,策略7,背驰,1,7bc1,202010082258
310,300609,汇纳科技,策略7,背驰,1,7bc1,202010082258
311,603968,醋化股份,策略7,背驰,1,7bc1,202010082258
312,002251,步 步 高,策略7,背驰,1,7bc1,202010082258
313,001914,招商积余,策略7,背驰,1,7bc1,202010082258
314,300779,惠城环保,策略7,背驰,1,7bc1,202010082258
315,688358,祥生医疗,策略7,背驰,1,7bc1,202010082258
316,002480,新筑股份,策略7,背驰,1,7bc1,202010082258
317,600429,三元股份,策略7,背驰,1,7bc1,202010082258
318,600668,尖峰集团,策略7,背驰,1,7bc1,202010082258
319,600071,凤凰光学,策略7,背驰,1,7bc1,202010082258
320,002552,宝鼎科技,策略7,背驰,1,7bc1,202010082258
321,600422,昆药集团,策略7,背驰,1,7bc1,202010082258
322,603777,来伊份,策略7,背驰,1,7bc1,202010082258
323,002637,赞宇科技,策略7,背驰,1,7bc1,202010082258
324,603738,泰晶科技,策略7,背驰,1,7bc1,202010082258
325,002381,双箭股份,策略7,背驰,1,7bc1,202010082258
326,002310,东方园林,策略7,背驰,1,7bc1,202010082258
327,002304,洋河股份,策略7,背驰,1,7bc1,202010082258
328,300753,爱朋医疗,策略7,背驰,1,7bc1,202010082258
329,002543,万和电气,策略7,背驰,1,7bc1,202010082258
330,000875,吉电股份,策略7,背驰,1,7bc1,202010082258
331,300421,力星股份,策略7,背驰,1,7bc1,202010082258
332,603690,至纯科技,策略7,背驰,1,7bc1,202010082258
333,002584,西陇科学,策略7,背驰,1,7bc1,202010082258
334,600858,银座股份,策略7,背驰,1,7bc1,202010082258
335,002928,华夏航空,策略7,背驰,1,7bc1,202010082258
336,600549,厦门钨业,策略7,背驰,1,7bc1,202010082258
337,002190,成飞集成,策略7,背驰,1,7bc1,202010082258
338,000831,五矿稀土,策略7,背驰,1,7bc1,202010082258
339,002312,三泰控股,策略7,背驰,1,7bc1,202010082258
340,603901,永创智能,策略7,背驰,1,7bc1,202010082258
341,300755,华致酒行,策略7,背驰,1,7bc1,202010082258
342,600282,南钢股份,策略7,背驰,1,7bc1,202010082258
343,300341,麦克奥迪,策略7,背驰,1,7bc1,202010082258
344,603928,兴业股份,策略7,背驰,1,7bc1,202010082258
345,601100,恒立液压,策略7,背驰,1,7bc1,202010082258
346,300182,捷成股份,策略7,背驰,1,7bc1,202010082258
347,000715,中兴商业,策略7,背驰,1,7bc1,202010082258
348,000403,双林生物,策略7,背驰,1,7bc1,202010082258
349,600266,城建发展,策略7,背驰,1,7bc1,202010082258
350,300076,GQY视讯,策略7,背驰,1,7bc1,202010082258
351,603681,永冠新材,策略7,背驰,1,7bc1,202010082258
352,601298,青岛港,策略7,背驰,1,7bc1,202010082258
353,002925,盈趣科技,策略7,背驰,1,7bc1,202010082258
354,000028,国药一致,策略7,背驰,1,7bc1,202010082258
355,002293,罗莱生活,策略7,背驰,1,7bc1,202010082258
356,002793,罗欣药业,策略7,背驰,1,7bc1,202010082258
357,601975,招商南油,策略7,背驰,1,7bc1,202010082258
358,000158,常山北明,策略7,背驰,1,7bc1,202010082258
359,600603,广汇物流,策略7,背驰,1,7bc1,202010082258
360,300292,吴通控股,策略7,背驰,1,7bc1,202010082258
361,002327,富安娜,策略7,背驰,1,7bc1,202010082258
362,002798,帝欧家居,策略7,背驰,1,7bc1,202010082258
363,002927,泰永长征,策略7,背驰,1,7bc1,202010082258
364,000852,石化机械,策略7,背驰,1,7bc1,202010082258
365,000423,东阿阿胶,策略7,背驰,1,7bc1,202010082258
366,603815,交建股份,策略7,背驰,1,7bc1,202010082258
367,601003,柳钢股份,策略7,背驰,1,7bc1,202010082258
368,002603,以岭药业,策略7,背驰,1,7bc1,202010082258
369,300442,普丽盛,策略7,背驰,1,7bc1,202010082258
370,000630,铜陵有色,策略7,背驰,1,7bc1,202010082258
371,603739,蔚蓝生物,策略7,背驰,1,7bc1,202010082258
372,300282,三盛教育,策略7,背驰,1,7bc1,202010082258
373,600683,京投发展,策略7,背驰,1,7bc1,202010082258
374,601799,星宇股份,策略7,背驰,1,7bc1,202010082258
375,000019,深粮控股,策略7,背驰,1,7bc1,202010082258
376,600795,国电电力,策略7,背驰,1,7bc1,202010082258
377,600261,阳光照明,策略7,背驰,1,7bc1,202010082258
378,600029,南方航空,策略7,背驰,1,7bc1,202010082258
379,002241,歌尔股份,策略7,背驰,1,7bc1,202010082258
380,603043,广州酒家,策略7,背驰,1,7bc1,202010082258
381,600682,南京新百,策略7,背驰,1,7bc1,202010082258
382,300533,冰川网络,策略7,背驰,1,7bc1,202010082258
383,600131,国网信通,策略7,背驰,1,7bc1,202010082258
384,688011,新光光电,策略7,背驰,1,7bc1,202010082258
385,603297,永新光学,策略7,背驰,1,7bc1,202010082258
386,600728,佳都科技,策略7,背驰,1,7bc1,202010082258
387,600292,远达环保,策略7,背驰,1,7bc1,202010082258
388,603712,七一二,策略7,背驰,1,7bc1,202010082258
389,002029,七 匹 狼,策略7,背驰,1,7bc1,202010082258
390,300492,华图山鼎,策略7,背驰,1,7bc1,202010082258
391,002746,仙坛股份,策略7,背驰,1,7bc1,202010082258
392,600833,第一医药,策略7,背驰,1,7bc1,202010082258
393,603025,大豪科技,策略7,背驰,1,7bc1,202010082258
394,300506,名家汇,策略7,背驰,1,7bc1,202010082258
395,000652,泰达股份,策略7,背驰,1,7bc1,202010082258
396,300433,蓝思科技,策略7,背驰,1,7bc1,202010082258
397,688007,光峰科技,策略7,背驰,1,7bc1,202010082258
398,300579,数字认证,策略7,背驰,1,7bc1,202010082258
399,002252,上海莱士,策略7,背驰,1,7bc1,202010082258
400,600577,精达股份,策略7,背驰,1,7bc1,202010082258
401,000936,华西股份,策略7,背驰,1,7bc1,202010082258
402,000006,深振业Ａ,策略7,背驰,1,7bc1,202010082258
403,002308,威创股份,策略7,背驰,1,7bc1,202010082258
404,002265,西仪股份,策略7,背驰,1,7bc1,202010082258
405,603100,川仪股份,策略7,背驰,1,7bc1,202010082258
406,300580,贝斯特,策略7,背驰,1,7bc1,202010082258
407,688009,中国通号,策略7,背驰,1,7bc1,202010082258
408,002040,南 京 港,策略7,背驰,1,7bc1,202010082258
409,600933,爱柯迪,策略7,背驰,1,7bc1,202010082258
410,601933,永辉超市,策略7,背驰,1,7bc1,202010082258
411,601899,紫金矿业,策略7,背驰,1,7bc1,202010082258
412,002668,奥马电器,策略7,背驰,1,7bc1,202010082258
413,002437,誉衡药业,策略7,背驰,1,7bc1,202010082258
414,603986,兆易创新,策略7,背驰,1,7bc1,202010082258
415,300785,值得买,策略7,背驰,1,7bc1,202010082258
416,600550,保变电气,策略7,背驰,1,7bc1,202010082258
417,000151,中成股份,策略7,背驰,1,7bc1,202010082258
418,601216,君正集团,策略7,背驰,1,7bc1,202010082258
419,600565,迪马股份,策略7,背驰,1,7bc1,202010082258
420,002178,延华智能,策略7,背驰,1,7bc1,202010082258
421,600302,标准股份,策略7,背驰,1,7bc1,202010082258
422,002548,金新农,策略7,背驰,1,7bc1,202010082258
423,600993,马应龙,策略7,背驰,1,7bc1,202010082258
424,300222,科大智能,策略7,背驰,1,7bc1,202010082258
425,002316,亚联发展,策略7,背驰,1,7bc1,202010082258
426,603116,红蜻蜓,策略7,背驰,1,7bc1,202010082258
427,300017,网宿科技,策略7,背驰,1,7bc1,202010082258
428,000859,国风塑业,策略7,背驰,1,7bc1,202010082258
429,002373,千方科技,策略7,背驰,1,7bc1,202010082258
430,000830,鲁西化工,策略7,背驰,1,7bc1,202010082258
431,300477,合纵科技,策略7,背驰,1,7bc1,202010082258
432,603766,隆鑫通用,策略7,背驰,1,7bc1,202010082258
433,300354,东华测试,策略7,背驰,1,7bc1,202010082258
434,603683,晶华新材,策略7,背驰,1,7bc1,202010082258
435,600476,湘邮科技,策略7,背驰,1,7bc1,202010082258
436,002429,兆驰股份,策略7,背驰,1,7bc1,202010082258
437,002321,华英农业,策略7,背驰,1,7bc1,202010082258
438,002087,新野纺织,策略7,背驰,1,7bc1,202010082258
439,000503,国新健康,策略7,背驰,1,7bc1,202010082258
440,300145,中金环境,策略7,背驰,1,7bc1,202010082258
441,600107,美尔雅,策略7,背驰,1,7bc1,202010082258
442,603035,常熟汽饰,策略7,背驰,1,7bc1,202010082258
443,300369,绿盟科技,策略7,背驰,1,7bc1,202010082258
444,600386,北巴传媒,策略7,背驰,1,7bc1,202010082258
445,300366,创意信息,策略7,背驰,1,7bc1,202010082258
446,601333,广深铁路,策略7,背驰,1,7bc1,202010082258
447,002635,安洁科技,策略7,背驰,1,7bc1,202010082258
448,002572,索菲亚,策略7,背驰,1,7bc1,202010082258
449,001696,宗申动力,策略7,背驰,1,7bc1,202010082258
450,600523,贵航股份,策略7,背驰,1,7bc1,202010082258
451,600368,五洲交通,策略7,背驰,1,7bc1,202010082258
452,002346,柘中股份,策略7,背驰,1,7bc1,202010082258
453,300255,常山药业,策略7,背驰,1,7bc1,202010082258
454,600641,万业企业,策略7,背驰,1,7bc1,202010082258
455,000795,英洛华,策略7,背驰,1,7bc1,202010082258
456,600118,中国卫星,策略7,背驰,1,7bc1,202010082258
457,300049,福瑞股份,策略7,背驰,1,7bc1,202010082258
458,300257,开山股份,策略7,背驰,1,7bc1,202010082258
459,600493,凤竹纺织,策略7,背驰,1,7bc1,202010082258
460,601688,华泰证券,策略7,背驰,1,7bc1,202010082258
461,300535,达威股份,策略7,背驰,1,7bc1,202010082258
462,002033,丽江股份,策略7,背驰,1,7bc1,202010082258
463,002394,联发股份,策略7,背驰,1,7bc1,202010082258
464,600843,上工申贝,策略7,背驰,1,7bc1,202010082258
465,603706,东方环宇,策略7,背驰,1,7bc1,202010082258
466,000416,民生控股,策略7,背驰,1,7bc1,202010082258
467,600420,现代制药,策略7,背驰,1,7bc1,202010082258
468,002820,桂发祥,策略7,背驰,1,7bc1,202010082258
469,600558,大西洋,策略7,背驰,1,7bc1,202010082258
470,002946,新乳业,策略7,背驰,1,7bc1,202010082258
471,300702,天宇股份,策略7,背驰,1,7bc1,202010082258
472,300786,国林科技,策略7,背驰,1,7bc1,202010082258
473,002262,恩华药业,策略7,背驰,1,7bc1,202010082258
474,600312,平高电气,策略7,背驰,1,7bc1,202010082258
475,000616,海航投资,策略7,背驰,1,7bc1,202010082258
476,002037,保利联合,策略7,背驰,1,7bc1,202010082258
477,000826,启迪环境,策略7,背驰,1,7bc1,202010082258
478,002694,顾地科技,策略7,背驰,1,7bc1,202010082258
479,300548,博创科技,策略7,背驰,1,7bc1,202010082258
480,603030,全筑股份,策略7,背驰,1,7bc1,202010082258
481,000008,神州高铁,策略7,背驰,1,7bc1,202010082258
482,002157,正邦科技,策略7,背驰,1,7bc1,202010082258
483,603103,横店影视,策略7,背驰,1,7bc1,202010082258
484,603090,宏盛股份,策略7,背驰,1,7bc1,202010082258
485,002512,达华智能,策略7,背驰,1,7bc1,202010082258
486,603803,瑞斯康达,策略7,背驰,1,7bc1,202010082258
487,002422,科伦药业,策略7,背驰,1,7bc1,202010082258
488,600640,号百控股,策略7,背驰,1,7bc1,202010082258
489,300738,奥飞数据,策略7,背驰,1,7bc1,202010082258
490,603099,长白山,策略7,背驰,1,7bc1,202010082258
491,300640,德艺文创,策略7,背驰,1,7bc1,202010082258
492,300517,海波重科,策略7,背驰,1,7bc1,202010082258
493,002082,万邦德,策略7,背驰,1,7bc1,202010082258
494,002064,华峰氨纶,策略7,背驰,1,7bc1,202010082258
495,000702,正虹科技,策略7,背驰,1,7bc1,202010082258
496,002375,亚厦股份,策略7,背驰,1,7bc1,202010082258
497,002618,丹邦科技,策略7,背驰,1,7bc1,202010082258
498,002409,雅克科技,策略7,背驰,1,7bc1,202010082258
499,000716,黑芝麻,策略7,背驰,1,7bc1,202010082258
500,603967,中创物流,策略7,背驰,1,7bc1,202010082258
501,600996,贵广网络,策略7,背驰,1,7bc1,202010082258
502,300278,华昌达,策略7,背驰,1,7bc1,202010082258
503,002428,云南锗业,策略7,背驰,1,7bc1,202010082258
504,600097,开创国际,策略7,背驰,1,7bc1,202010082258
505,603676,卫信康,策略7,背驰,1,7bc1,202010082258
506,002096,南岭民爆,策略7,背驰,1,7bc1,202010082258
507,300495,美尚生态,策略7,背驰,1,7bc1,202010082258
508,002455,百川股份,策略7,背驰,1,7bc1,202010082258
509,002067,景兴纸业,策略7,背驰,1,7bc1,202010082258
510,002446,盛路通信,策略7,背驰,1,7bc1,202010082258
511,300047,天源迪科,策略7,背驰,1,7bc1,202010082258
512,601163,三角轮胎,策略7,背驰,1,7bc1,202010082258
513,000919,金陵药业,策略7,背驰,1,7bc1,202010082258
514,600166,福田汽车,策略7,背驰,1,7bc1,202010082258
515,300256,星星科技,策略7,背驰,1,7bc1,202010082258
516,300181,佐力药业,策略7,背驰,1,7bc1,202010082258
517,002779,中坚科技,策略7,背驰,1,7bc1,202010082258
518,002065,东华软件,策略7,背驰,1,7bc1,202010082258
519,002365,永安药业,策略7,背驰,1,7bc1,202010082258
520,000404,长虹华意,策略7,背驰,1,7bc1,202010082258
521,600156,华升股份,策略7,背驰,1,7bc1,202010082258
522,300349,金卡智能,策略7,背驰,1,7bc1,202010082258
523,300336,新文化,策略7,背驰,1,7bc1,202010082258
524,603580,艾艾精工,策略7,背驰,1,7bc1,202010082258
525,600724,宁波富达,策略7,背驰,1,7bc1,202010082258
526,600975,新五丰,策略7,背驰,1,7bc1,202010082258
527,002390,信邦制药,策略7,背驰,1,7bc1,202010082258
528,600962,国投中鲁,策略7,背驰,1,7bc1,202010082258
529,000576,广东甘化,策略7,背驰,1,7bc1,202010082258
530,002830,名雕股份,策略7,背驰,1,7bc1,202010082258
531,600621,华鑫股份,策略7,背驰,1,7bc1,202010082258
532,300089,文化长城,策略7,背驰,1,7bc1,202010082258
533,002727,一心堂,策略7,背驰,1,7bc1,202010082258
534,600008,首创股份,策略7,背驰,1,7bc1,202010082258
535,300055,万邦达,策略7,背驰,1,7bc1,202010082258
536,600778,友好集团,策略7,背驰,1,7bc1,202010082258
537,603018,中设集团,策略7,背驰,1,7bc1,202010082258
538,002730,电光科技,策略7,背驰,1,7bc1,202010082258
539,000932,华菱钢铁,策略7,背驰,1,7bc1,202010082258
540,300056,中创环保,策略7,背驰,1,7bc1,202010082258
541,601789,宁波建工,策略7,背驰,1,7bc1,202010082258
542,002180,纳思达,策略7,背驰,1,7bc1,202010082258
543,000876,新 希 望,策略7,背驰,1,7bc1,202010082258
544,300643,万通智控,策略7,背驰,1,7bc1,202010082258
545,300519,新光药业,策略7,背驰,1,7bc1,202010082258
546,300176,派生科技,策略7,背驰,1,7bc1,202010082258
547,002408,齐翔腾达,策略7,背驰,1,7bc1,202010082258
548,002553,南方轴承,策略7,背驰,1,7bc1,202010082258
549,300258,精锻科技,策略7,背驰,1,7bc1,202010082258
550,300315,掌趣科技,策略7,背驰,1,7bc1,202010082258
551,002335,科华恒盛,策略7,背驰,1,7bc1,202010082258
552,002743,富煌钢构,策略7,背驰,1,7bc1,202010082258
553,300165,天瑞仪器,策略7,背驰,1,7bc1,202010082258
554,002340,格林美,策略7,背驰,1,7bc1,202010082258
555,300125,聆达股份,策略7,背驰,1,7bc1,202010082258
556,600831,广电网络,策略7,背驰,1,7bc1,202010082258
557,600309,万华化学,策略7,背驰,1,7bc1,202010082258
558,600712,南宁百货,策略7,背驰,1,7bc1,202010082258
559,300231,银信科技,策略7,背驰,1,7bc1,202010082258
560,600281,太化股份,策略7,背驰,1,7bc1,202010082258
561,600787,中储股份,策略7,背驰,1,7bc1,202010082258
562,600186,莲花健康,策略7,背驰,1,7bc1,202010082258
563,600335,国机汽车,策略7,背驰,1,7bc1,202010082258
564,300586,美联新材,策略7,背驰,1,7bc1,202010082258
565,300207,欣旺达,策略7,背驰,1,7bc1,202010082258
566,600237,铜峰电子,策略7,背驰,1,7bc1,202010082258
567,688089,嘉必优,策略7,背驰,1,7bc1,202010082258
568,000690,宝新能源,策略7,背驰,1,7bc1,202010082258
569,603995,甬金股份,策略7,背驰,1,7bc1,202010082258
570,300173,福能东方,策略7,背驰,1,7bc1,202010082258
571,002752,昇兴股份,策略7,背驰,1,7bc1,202010082258
572,300197,铁汉生态,策略7,背驰,1,7bc1,202010082258
573,000563,陕国投Ａ,策略7,背驰,1,7bc1,202010082258
574,002079,苏州固锝,策略7,背驰,1,7bc1,202010082258
575,002249,大洋电机,策略7,背驰,1,7bc1,202010082258
576,002595,豪迈科技,策略7,背驰,1,7bc1,202010082258
577,601599,鹿港文化,策略7,背驰,1,7bc1,202010082258
578,300386,飞天诚信,策略7,背驰,1,7bc1,202010082258
579,002489,浙江永强,策略7,背驰,1,7bc1,202010082258
580,300039,上海凯宝,策略7,背驰,1,7bc1,202010082258
581,002042,华孚时尚,策略7,背驰,1,7bc1,202010082258
582,600376,首开股份,策略7,背驰,1,7bc1,202010082258
583,600195,中牧股份,策略7,背驰,1,7bc1,202010082258
584,002047,宝鹰股份,策略7,背驰,1,7bc1,202010082258
585,600690,海尔智家,策略7,背驰,1,7bc1,202010082258
586,300582,英飞特,策略7,背驰,1,7bc1,202010082258
587,002890,弘宇股份,策略7,背驰,1,7bc1,202010082258
588,300006,莱美药业,策略7,背驰,1,7bc1,202010082258
589,300245,天玑科技,策略7,背驰,1,7bc1,202010082258
590,600291,西水股份,策略7,背驰,1,7bc1,202010082258
591,603131,上海沪工,策略7,背驰,1,7bc1,202010082258
592,300087,荃银高科,策略7,背驰,1,7bc1,202010082258
593,600748,上实发展,策略7,背驰,1,7bc1,202010082258
594,300300,汉鼎宇佑,策略7,背驰,1,7bc1,202010082258
595,300112,万讯自控,策略7,背驰,1,7bc1,202010082258
596,300645,正元智慧,策略7,背驰,1,7bc1,202010082258
597,601388,怡球资源,策略7,背驰,1,7bc1,202010082258
598,603328,依顿电子,策略7,背驰,1,7bc1,202010082258
599,600093,易见股份,策略7,背驰,1,7bc1,202010082258
600,600686,金龙汽车,策略7,背驰,1,7bc1,202010082258
601,000925,众合科技,策略7,背驰,1,7bc1,202010082258
602,000528,柳 工,策略7,背驰,1,7bc1,202010082258
603,603918,金桥信息,策略7,背驰,1,7bc1,202010082258
604,002493,荣盛石化,策略7,背驰,1,7bc1,202010082258
605,002659,凯文教育,策略7,背驰,1,7bc1,202010082258
606,002160,常铝股份,策略7,背驰,1,7bc1,202010082258
607,603499,翔港科技,策略7,背驰,1,7bc1,202010082258
608,300148,天舟文化,策略7,背驰,1,7bc1,202010082258
609,002361,神剑股份,策略7,背驰,1,7bc1,202010082258
610,000718,苏宁环球,策略7,背驰,1,7bc1,202010082258
611,000037,深南电A,策略7,背驰,1,7bc1,202010082258
612,002748,世龙实业,策略7,背驰,1,7bc1,202010082258
613,300198,纳川股份,策略7,背驰,1,7bc1,202010082258
614,600749,西藏旅游,策略7,背驰,1,7bc1,202010082258
615,300136,信维通信,策略7,背驰,1,7bc1,202010082258
616,300002,神州泰岳,策略7,背驰,1,7bc1,202010082258
617,002307,北新路桥,策略7,背驰,1,7bc1,202010082258
618,300746,汉嘉设计,策略7,背驰,1,7bc1,202010082258
619,300214,日科化学,策略7,背驰,1,7bc1,202010082258
620,000758,中色股份,策略7,背驰,1,7bc1,202010082258
621,002362,汉王科技,策略7,背驰,1,7bc1,202010082258
622,300254,仟源医药,策略7,背驰,1,7bc1,202010082258
623,300561,汇金科技,策略7,背驰,1,7bc1,202010082258
624,300094,国联水产,策略7,背驰,1,7bc1,202010082258
625,300739,明阳电路,策略7,背驰,1,7bc1,202010082258
626,600338,西藏珠峰,策略7,背驰,1,7bc1,202010082258
627,300007,汉威科技,策略7,背驰,1,7bc1,202010082258
628,300261,雅本化学,策略7,背驰,1,7bc1,202010082258
629,300072,三聚环保,策略7,背驰,1,7bc1,202010082258
630,002002,鸿达兴业,策略7,背驰,1,7bc1,202010082258
631,300387,富邦股份,策略7,背驰,1,7bc1,202010082258
632,300761,立华股份,策略7,背驰,1,7bc1,202010082258
633,600509,天富能源,策略7,背驰,1,7bc1,202010082258
634,002069,獐子岛,策略7,背驰,1,7bc1,202010082258
635,002557,洽洽食品,策略7,背驰,1,7bc1,202010082258
636,601020,华钰矿业,策略7,背驰,1,7bc1,202010082258
637,300266,兴源环境,策略7,背驰,1,7bc1,202010082258
638,300322,硕贝德,策略7,背驰,1,7bc1,202010082258
639,600346,恒力石化,策略7,背驰,1,7bc1,202010082258
640,002863,今飞凯达,策略7,背驰,1,7bc1,202010082258
641,300175,朗源股份,策略7,背驰,1,7bc1,202010082258
642,000911,南宁糖业,策略7,背驰,1,7bc1,202010082258
643,603877,太平鸟,策略7,背驰,1,7bc1,202010082258
644,000798,中水渔业,策略7,背驰,1,7bc1,202010082258
645,300528,幸福蓝海,策略7,背驰,1,7bc1,202010082258
646,600823,世茂股份,策略7,背驰,1,7bc1,202010082258
647,000987,越秀金控,策略7,背驰,1,7bc1,202010082258
648,600448,华纺股份,策略7,背驰,1,7bc1,202010082258
649,600496,精工钢构,策略7,背驰,1,7bc1,202010082258
650,300307,慈星股份,策略7,背驰,1,7bc1,202010082258
651,600218,全柴动力,策略7,背驰,1,7bc1,202010082258
652,002741,光华科技,策略7,背驰,1,7bc1,202010082258
653,002753,永东股份,策略7,背驰,1,7bc1,202010082258
654,600398,海澜之家,策略7,背驰,1,7bc1,202010082258
655,300414,中光防雷,策略7,背驰,1,7bc1,202010082258
656,600023,浙能电力,策略7,背驰,1,7bc1,202010082258
657,300378,鼎捷软件,策略7,背驰,1,7bc1,202010082258
658,002174,游族网络,策略7,背驰,1,7bc1,202010082258
659,300668,杰恩设计,策略7,背驰,1,7bc1,202010082258
660,300248,新开普,策略7,背驰,1,7bc1,202010082258
661,002332,仙琚制药,策略7,背驰,1,7bc1,202010082258
662,000153,丰原药业,策略7,背驰,1,7bc1,202010082258
663,002028,思源电气,策略7,背驰,1,7bc1,202010082258
664,600765,中航重机,策略7,背驰,1,7bc1,202010082258
665,601128,常熟银行,策略7,背驰,1,7bc1,202010082258
666,601179,中国西电,策略7,背驰,1,7bc1,202010082258
667,600985,淮北矿业,策略7,背驰,1,7bc1,202010082258
668,601225,陕西煤业,策略7,背驰,1,7bc1,202010082258
669,600077,宋都股份,策略7,背驰,1,7bc1,202010082258
670,300423,昇辉科技,策略7,背驰,1,7bc1,202010082258
671,603725,天安新材,策略7,背驰,1,7bc1,202010082258
672,600348,阳泉煤业,策略7,背驰,1,7bc1,202010082258
673,000937,冀中能源,策略7,背驰,1,7bc1,202010082258
674,600751,海航科技,策略7,背驰,1,7bc1,202010082258
675,601566,九牧王,策略7,背驰,1,7bc1,202010082258
676,601168,西部矿业,策略7,背驰,1,7bc1,202010082258
677,002497,雅化集团,策略7,背驰,1,7bc1,202010082258
678,000581,威孚高科,策略7,背驰,1,7bc1,202010082258
679,002862,实丰文化,策略7,背驰,1,7bc1,202010082258
680,600053,九鼎投资,策略7,背驰,1,7bc1,202010082258
681,002612,朗姿股份,策略7,背驰,1,7bc1,202010082258
682,002278,神开股份,策略7,背驰,1,7bc1,202010082258
683,300623,捷捷微电,策略7,背驰,1,7bc1,202010082258
684,000552,靖远煤电,策略7,背驰,1,7bc1,202010082258
685,002759,天际股份,策略7,背驰,1,7bc1,202010082258
686,002651,利君股份,策略7,背驰,1,7bc1,202010082258
687,603977,国泰集团,策略7,背驰,1,7bc1,202010082258
688,600989,宝丰能源,策略7,背驰,1,7bc1,202010082258
689,300106,西部牧业,策略7,背驰,1,7bc1,202010082258
690,300139,晓程科技,策略7,背驰,1,7bc1,202010082258
691,688003,天准科技,策略7,背驰,1,7bc1,202010082258
692,600389,江山股份,策略7,背驰,1,7bc1,202010082258
693,300373,扬杰科技,策略7,背驰,1,7bc1,202010082258
694,300447,全信股份,策略7,背驰,1,7bc1,202010082258
695,600642,申能股份,策略7,背驰,1,7bc1,202010082258
696,300520,科大国创,策略7,背驰,1,7bc1,202010082258
697,601858,中国科传,策略7,背驰,1,7bc1,202010082258
698,300262,巴安水务,策略7,背驰,1,7bc1,202010082258
699,600157,*ST永泰,策略7,背驰,1,7bc1,202010082258
700,603758,秦安股份,策略7,背驰,1,7bc1,202010082258
701,600095,湘财股份,策略7,背驰,1,7bc1,202010082258
702,603809,豪能股份,策略7,背驰,1,7bc1,202010082258
703,300419,浩丰科技,策略7,背驰,1,7bc1,202010082258
704,300178,腾邦国际,策略7,背驰,1,7bc1,202010082258
